baseline,batch_size,graph,algorithm,measurement_idx,insert_time,algorithm_time
run_pcsr,1,cit-Patents,BFS,0,2e-06,0.009378
run_pcsr,1,cit-Patents,BFS,1,1e-06,0.008521
run_pcsr,1,cit-Patents,BFS,2,2e-06,0.008278
run_pcsr,1,cit-Patents,BFS,3,2e-06,0.008255
run_pcsr,1,cit-Patents,BFS,4,2e-06,0.00823
run_pcsr,1,cit-Patents,BFS,5,2e-06,0.00837
run_pcsr,1,cit-Patents,BFS,6,2e-06,0.008176
run_pcsr,1,cit-Patents,BFS,7,1e-06,0.008193
run_pcsr,1,cit-Patents,BFS,8,2e-06,0.008234
run_pcsr,1,cit-Patents,BFS,9,1e-06,0.008143
run_pcsr,1,cit-Patents,LabelPropagation,0,2e-06,0.025599
run_pcsr,1,cit-Patents,LabelPropagation,1,3e-06,0.022082
run_pcsr,1,cit-Patents,LabelPropagation,2,3e-06,0.022737
run_pcsr,1,cit-Patents,LabelPropagation,3,3e-06,0.022882
run_pcsr,1,cit-Patents,LabelPropagation,4,3e-06,0.022167
run_pcsr,1,cit-Patents,LabelPropagation,5,3e-06,0.022282
run_pcsr,1,cit-Patents,LabelPropagation,6,3e-06,0.022519
run_pcsr,1,cit-Patents,LabelPropagation,7,3e-06,0.02229
run_pcsr,1,cit-Patents,LabelPropagation,8,3e-06,0.022156
run_pcsr,1,cit-Patents,LabelPropagation,9,3e-06,0.022455
run_pcsr,1,cit-Patents,PageRank,0,2e-06,0.163807
run_pcsr,1,cit-Patents,PageRank,1,5e-06,0.152793
run_pcsr,1,cit-Patents,PageRank,2,3e-06,0.148415
run_pcsr,1,cit-Patents,PageRank,3,4e-06,0.153584
run_pcsr,1,cit-Patents,PageRank,4,3e-06,0.15371
run_pcsr,1,cit-Patents,PageRank,5,5e-06,0.145265
run_pcsr,1,cit-Patents,PageRank,6,5e-06,0.146557
run_pcsr,1,cit-Patents,PageRank,7,4e-06,0.149576
run_pcsr,1,cit-Patents,PageRank,8,7e-06,0.145298
run_pcsr,1,cit-Patents,PageRank,9,3e-06,0.136369
run_pcsr,1,cit-Patents,wBFS_unweighted,0,3e-06,5.614045
run_pcsr,1,cit-Patents,wBFS_unweighted,1,5e-06,5.510809
run_pcsr,1,cit-Patents,wBFS_unweighted,2,5e-06,5.571837
run_pcsr,1,cit-Patents,wBFS_unweighted,3,5e-06,5.503525
run_pcsr,1,cit-Patents,wBFS_unweighted,4,4e-06,5.582531
run_pcsr,1,cit-Patents,wBFS_unweighted,5,3e-06,5.572959
run_pcsr,1,cit-Patents,wBFS_unweighted,6,5e-06,5.49306
run_pcsr,1,cit-Patents,wBFS_unweighted,7,4e-06,5.47379
run_pcsr,1,cit-Patents,wBFS_unweighted,8,3e-06,5.478423
run_pcsr,1,cit-Patents,wBFS_unweighted,9,3e-06,5.476916
run_pcsr,1,com-orkut.ungraph,BFS,0,3e-06,0.005531
run_pcsr,1,com-orkut.ungraph,BFS,1,1e-06,0.005055
run_pcsr,1,com-orkut.ungraph,BFS,2,1e-06,0.004859
run_pcsr,1,com-orkut.ungraph,BFS,3,1e-06,0.004724
run_pcsr,1,com-orkut.ungraph,BFS,4,2e-06,0.0046
run_pcsr,1,com-orkut.ungraph,BFS,5,1e-06,0.004633
run_pcsr,1,com-orkut.ungraph,BFS,6,1e-06,0.004558
run_pcsr,1,com-orkut.ungraph,BFS,7,1e-06,0.004697
run_pcsr,1,com-orkut.ungraph,BFS,8,1e-06,0.004771
run_pcsr,1,com-orkut.ungraph,BFS,9,1e-06,0.004609
run_pcsr,1,com-orkut.ungraph,LabelPropagation,0,2e-06,0.04081
run_pcsr,1,com-orkut.ungraph,LabelPropagation,1,3e-06,0.038056
run_pcsr,1,com-orkut.ungraph,LabelPropagation,2,3e-06,0.038377
run_pcsr,1,com-orkut.ungraph,LabelPropagation,3,3e-06,0.037406
run_pcsr,1,com-orkut.ungraph,LabelPropagation,4,3e-06,0.037382
run_pcsr,1,com-orkut.ungraph,LabelPropagation,5,3e-06,0.038389
run_pcsr,1,com-orkut.ungraph,LabelPropagation,6,3e-06,0.037369
run_pcsr,1,com-orkut.ungraph,LabelPropagation,7,3e-06,0.037689
run_pcsr,1,com-orkut.ungraph,LabelPropagation,8,3e-06,0.037681
run_pcsr,1,com-orkut.ungraph,LabelPropagation,9,3e-06,0.03811
run_pcsr,1,com-orkut.ungraph,PageRank,0,3e-06,0.220127
run_pcsr,1,com-orkut.ungraph,PageRank,1,4e-06,0.198628
run_pcsr,1,com-orkut.ungraph,PageRank,2,4e-06,0.195815
run_pcsr,1,com-orkut.ungraph,PageRank,3,3e-06,0.217848
run_pcsr,1,com-orkut.ungraph,PageRank,4,5e-06,0.196035
run_pcsr,1,com-orkut.ungraph,PageRank,5,3e-06,0.207748
run_pcsr,1,com-orkut.ungraph,PageRank,6,7e-06,0.205181
run_pcsr,1,com-orkut.ungraph,PageRank,7,4e-06,0.193875
run_pcsr,1,com-orkut.ungraph,PageRank,8,4e-06,0.208294
run_pcsr,1,com-orkut.ungraph,PageRank,9,5e-06,0.199842
run_pcsr,1,com-orkut.ungraph,wBFS_unweighted,0,3e-06,3.892588
run_pcsr,1,com-orkut.ungraph,wBFS_unweighted,1,5e-06,3.88801
run_pcsr,1,com-orkut.ungraph,wBFS_unweighted,2,4e-06,3.882992
run_pcsr,1,com-orkut.ungraph,wBFS_unweighted,3,4e-06,3.895557
run_pcsr,1,com-orkut.ungraph,wBFS_unweighted,4,4e-06,3.89973
run_pcsr,1,com-orkut.ungraph,wBFS_unweighted,5,4e-06,3.897555
run_pcsr,1,com-orkut.ungraph,wBFS_unweighted,6,4e-06,3.884542
run_pcsr,1,com-orkut.ungraph,wBFS_unweighted,7,4e-06,3.889757
run_pcsr,1,com-orkut.ungraph,wBFS_unweighted,8,4e-06,3.887678
run_pcsr,1,com-orkut.ungraph,wBFS_unweighted,9,4e-06,3.89846
run_pcsr,1,soc-LiveJournal1,BFS,0,4e-06,0.007335
run_pcsr,1,soc-LiveJournal1,BFS,1,2e-06,0.006599
run_pcsr,1,soc-LiveJournal1,BFS,2,2e-06,0.006353
run_pcsr,1,soc-LiveJournal1,BFS,3,2e-06,0.006309
run_pcsr,1,soc-LiveJournal1,BFS,4,2e-06,0.006128
run_pcsr,1,soc-LiveJournal1,BFS,5,2e-06,0.006317
run_pcsr,1,soc-LiveJournal1,BFS,6,2e-06,0.006228
run_pcsr,1,soc-LiveJournal1,BFS,7,2e-06,0.006168
run_pcsr,1,soc-LiveJournal1,BFS,8,2e-06,0.006235
run_pcsr,1,soc-LiveJournal1,BFS,9,2e-06,0.006367
run_pcsr,1,soc-LiveJournal1,LabelPropagation,0,2e-06,0.025592
run_pcsr,1,soc-LiveJournal1,LabelPropagation,1,4e-06,0.023792
run_pcsr,1,soc-LiveJournal1,LabelPropagation,2,3e-06,0.023827
run_pcsr,1,soc-LiveJournal1,LabelPropagation,3,3e-06,0.024332
run_pcsr,1,soc-LiveJournal1,LabelPropagation,4,3e-06,0.023069
run_pcsr,1,soc-LiveJournal1,LabelPropagation,5,3e-06,0.023696
run_pcsr,1,soc-LiveJournal1,LabelPropagation,6,3e-06,0.023221
run_pcsr,1,soc-LiveJournal1,LabelPropagation,7,3e-06,0.023289
run_pcsr,1,soc-LiveJournal1,LabelPropagation,8,3e-06,0.022952
run_pcsr,1,soc-LiveJournal1,LabelPropagation,9,3e-06,0.024034
run_pcsr,1,soc-LiveJournal1,PageRank,0,2e-06,0.166312
run_pcsr,1,soc-LiveJournal1,PageRank,1,4e-06,0.165368
run_pcsr,1,soc-LiveJournal1,PageRank,2,4e-06,0.164137
run_pcsr,1,soc-LiveJournal1,PageRank,3,4e-06,0.154219
run_pcsr,1,soc-LiveJournal1,PageRank,4,6e-06,0.157244
run_pcsr,1,soc-LiveJournal1,PageRank,5,5e-06,0.162412
run_pcsr,1,soc-LiveJournal1,PageRank,6,5e-06,0.15466
run_pcsr,1,soc-LiveJournal1,PageRank,7,4e-06,0.155711
run_pcsr,1,soc-LiveJournal1,PageRank,8,3e-06,0.164349
run_pcsr,1,soc-LiveJournal1,PageRank,9,4e-06,0.148949
run_pcsr,1,soc-LiveJournal1,wBFS_unweighted,0,3e-06,5.469617
run_pcsr,1,soc-LiveJournal1,wBFS_unweighted,1,4e-06,5.444296
run_pcsr,1,soc-LiveJournal1,wBFS_unweighted,2,5e-06,5.453912
run_pcsr,1,soc-LiveJournal1,wBFS_unweighted,3,6e-06,5.550253
run_pcsr,1,soc-LiveJournal1,wBFS_unweighted,4,5e-06,5.463583
run_pcsr,1,soc-LiveJournal1,wBFS_unweighted,5,5e-06,5.460527
run_pcsr,1,soc-LiveJournal1,wBFS_unweighted,6,6e-06,5.807111
run_pcsr,1,soc-LiveJournal1,wBFS_unweighted,7,9e-06,5.563006
run_pcsr,1,soc-LiveJournal1,wBFS_unweighted,8,8e-06,5.589103
run_pcsr,1,soc-LiveJournal1,wBFS_unweighted,9,9e-06,5.548148
run_pcsr,1,twitter-unique-undir,BFS,0,2e-06,0.042735
run_pcsr,1,twitter-unique-undir,BFS,1,3e-06,0.042201
run_pcsr,1,twitter-unique-undir,BFS,2,4e-06,0.038583
run_pcsr,1,twitter-unique-undir,BFS,3,6e-06,0.041321
run_pcsr,1,twitter-unique-undir,BFS,4,4e-06,0.040415
run_pcsr,1,twitter-unique-undir,BFS,5,4e-06,0.03827
run_pcsr,1,twitter-unique-undir,BFS,6,4e-06,0.04275
run_pcsr,1,twitter-unique-undir,BFS,7,4e-06,0.03857
run_pcsr,1,twitter-unique-undir,BFS,8,7e-06,0.043066
run_pcsr,1,twitter-unique-undir,BFS,9,4e-06,0.041484
run_pcsr,1,twitter-unique-undir,LabelPropagation,0,3e-06,1.083505
run_pcsr,1,twitter-unique-undir,LabelPropagation,1,5e-06,1.080963
run_pcsr,1,twitter-unique-undir,LabelPropagation,2,5e-06,1.101492
run_pcsr,1,twitter-unique-undir,LabelPropagation,3,5e-06,1.082213
run_pcsr,1,twitter-unique-undir,LabelPropagation,4,5e-06,1.085969
run_pcsr,1,twitter-unique-undir,LabelPropagation,5,6e-06,1.11529
run_pcsr,1,twitter-unique-undir,LabelPropagation,6,5e-06,1.074965
run_pcsr,1,twitter-unique-undir,LabelPropagation,7,5e-06,1.095009
run_pcsr,1,twitter-unique-undir,LabelPropagation,8,5e-06,1.076692
run_pcsr,1,twitter-unique-undir,LabelPropagation,9,5e-06,1.095328
run_pcsr,1,twitter-unique-undir,PageRank,0,2e-06,7.115827
run_pcsr,1,twitter-unique-undir,PageRank,1,5e-06,7.125361
run_pcsr,1,twitter-unique-undir,PageRank,2,6e-06,7.135868
run_pcsr,1,twitter-unique-undir,PageRank,3,8e-06,7.123668
run_pcsr,1,twitter-unique-undir,PageRank,4,5e-06,7.520935
run_pcsr,1,twitter-unique-undir,PageRank,5,5e-06,7.545831
run_pcsr,1,twitter-unique-undir,PageRank,6,5e-06,7.392797
run_pcsr,1,twitter-unique-undir,PageRank,7,5e-06,7.149705
run_pcsr,1,twitter-unique-undir,PageRank,8,5e-06,7.153793
run_pcsr,1,twitter-unique-undir,PageRank,9,6e-06,7.147875
run_pcsr,1,twitter-unique-undir,wBFS_unweighted,0,3e-06,42.322103
run_pcsr,1,twitter-unique-undir,wBFS_unweighted,1,5e-06,42.210752
run_pcsr,1,twitter-unique-undir,wBFS_unweighted,2,6e-06,41.1197
run_pcsr,1,twitter-unique-undir,wBFS_unweighted,3,5e-06,45.955589
run_pcsr,1,twitter-unique-undir,wBFS_unweighted,4,5e-06,49.032483
run_pcsr,1,twitter-unique-undir,wBFS_unweighted,5,6e-06,49.683941
run_pcsr,1,twitter-unique-undir,wBFS_unweighted,6,5e-06,50.62397
run_pcsr,1,twitter-unique-undir,wBFS_unweighted,7,5e-06,49.879758
run_pcsr,1,twitter-unique-undir,wBFS_unweighted,8,5e-06,50.33532
run_pcsr,1,twitter-unique-undir,wBFS_unweighted,9,6e-06,52.142546
run_pcsr,10,cit-Patents,BFS,0,8e-06,0.009186
run_pcsr,10,cit-Patents,BFS,1,1e-05,0.008492
run_pcsr,10,cit-Patents,BFS,2,1e-05,0.008306
run_pcsr,10,cit-Patents,BFS,3,1.1e-05,0.009755
run_pcsr,10,cit-Patents,BFS,4,1.1e-05,0.00832
run_pcsr,10,cit-Patents,BFS,5,1.2e-05,0.008236
run_pcsr,10,cit-Patents,BFS,6,1.2e-05,0.008218
run_pcsr,10,cit-Patents,BFS,7,1.1e-05,0.008264
run_pcsr,10,cit-Patents,BFS,8,1.2e-05,0.008188
run_pcsr,10,cit-Patents,BFS,9,1.2e-05,0.008247
run_pcsr,10,cit-Patents,LabelPropagation,0,8e-06,0.028324
run_pcsr,10,cit-Patents,LabelPropagation,1,1.3e-05,0.025293
run_pcsr,10,cit-Patents,LabelPropagation,2,1.3e-05,0.025532
run_pcsr,10,cit-Patents,LabelPropagation,3,1.4e-05,0.025202
run_pcsr,10,cit-Patents,LabelPropagation,4,1.3e-05,0.02513
run_pcsr,10,cit-Patents,LabelPropagation,5,1.3e-05,0.025355
run_pcsr,10,cit-Patents,LabelPropagation,6,1.5e-05,0.025279
run_pcsr,10,cit-Patents,LabelPropagation,7,1.3e-05,0.025441
run_pcsr,10,cit-Patents,LabelPropagation,8,1.3e-05,0.024817
run_pcsr,10,cit-Patents,LabelPropagation,9,1.3e-05,0.02492
run_pcsr,10,cit-Patents,PageRank,0,1e-05,0.17531
run_pcsr,10,cit-Patents,PageRank,1,1.5e-05,0.169574
run_pcsr,10,cit-Patents,PageRank,2,1.7e-05,0.17053
run_pcsr,10,cit-Patents,PageRank,3,2e-05,0.171942
run_pcsr,10,cit-Patents,PageRank,4,1.8e-05,0.175886
run_pcsr,10,cit-Patents,PageRank,5,1.8e-05,0.171832
run_pcsr,10,cit-Patents,PageRank,6,2.2e-05,0.171327
run_pcsr,10,cit-Patents,PageRank,7,1.8e-05,0.170376
run_pcsr,10,cit-Patents,PageRank,8,2e-05,0.168891
run_pcsr,10,cit-Patents,PageRank,9,2.1e-05,0.154083
run_pcsr,10,cit-Patents,wBFS_unweighted,0,1e-05,5.591803
run_pcsr,10,cit-Patents,wBFS_unweighted,1,1.3e-05,5.618109
run_pcsr,10,cit-Patents,wBFS_unweighted,2,1.3e-05,5.621919
run_pcsr,10,cit-Patents,wBFS_unweighted,3,1.4e-05,5.616445
run_pcsr,10,cit-Patents,wBFS_unweighted,4,1.3e-05,5.594077
run_pcsr,10,cit-Patents,wBFS_unweighted,5,1.2e-05,5.60815
run_pcsr,10,cit-Patents,wBFS_unweighted,6,1.3e-05,5.649803
run_pcsr,10,cit-Patents,wBFS_unweighted,7,1.4e-05,5.602624
run_pcsr,10,cit-Patents,wBFS_unweighted,8,1.4e-05,5.605665
run_pcsr,10,cit-Patents,wBFS_unweighted,9,1.4e-05,5.610047
run_pcsr,10,com-orkut.ungraph,BFS,0,1e-05,0.005708
run_pcsr,10,com-orkut.ungraph,BFS,1,1.1e-05,0.004991
run_pcsr,10,com-orkut.ungraph,BFS,2,1e-05,0.005528
run_pcsr,10,com-orkut.ungraph,BFS,3,1.1e-05,0.005186
run_pcsr,10,com-orkut.ungraph,BFS,4,1.1e-05,0.00517
run_pcsr,10,com-orkut.ungraph,BFS,5,1.1e-05,0.005237
run_pcsr,10,com-orkut.ungraph,BFS,6,1.2e-05,0.004872
run_pcsr,10,com-orkut.ungraph,BFS,7,1.2e-05,0.005391
run_pcsr,10,com-orkut.ungraph,BFS,8,1.2e-05,0.004832
run_pcsr,10,com-orkut.ungraph,BFS,9,1.3e-05,0.005325
run_pcsr,10,com-orkut.ungraph,LabelPropagation,0,1.2e-05,0.040771
run_pcsr,10,com-orkut.ungraph,LabelPropagation,1,1.5e-05,0.039939
run_pcsr,10,com-orkut.ungraph,LabelPropagation,2,1.6e-05,0.039976
run_pcsr,10,com-orkut.ungraph,LabelPropagation,3,1.6e-05,0.040126
run_pcsr,10,com-orkut.ungraph,LabelPropagation,4,1.7e-05,0.042132
run_pcsr,10,com-orkut.ungraph,LabelPropagation,5,1.7e-05,0.040248
run_pcsr,10,com-orkut.ungraph,LabelPropagation,6,1.7e-05,0.039819
run_pcsr,10,com-orkut.ungraph,LabelPropagation,7,1.6e-05,0.040667
run_pcsr,10,com-orkut.ungraph,LabelPropagation,8,1.7e-05,0.039814
run_pcsr,10,com-orkut.ungraph,LabelPropagation,9,1.8e-05,0.04031
run_pcsr,10,com-orkut.ungraph,PageRank,0,1.3e-05,0.212205
run_pcsr,10,com-orkut.ungraph,PageRank,1,1.6e-05,0.19273
run_pcsr,10,com-orkut.ungraph,PageRank,2,1.7e-05,0.202506
run_pcsr,10,com-orkut.ungraph,PageRank,3,1.9e-05,0.197749
run_pcsr,10,com-orkut.ungraph,PageRank,4,2e-05,0.212613
run_pcsr,10,com-orkut.ungraph,PageRank,5,1.7e-05,0.210865
run_pcsr,10,com-orkut.ungraph,PageRank,6,1.9e-05,0.196133
run_pcsr,10,com-orkut.ungraph,PageRank,7,2.3e-05,0.204685
run_pcsr,10,com-orkut.ungraph,PageRank,8,1.8e-05,0.222319
run_pcsr,10,com-orkut.ungraph,PageRank,9,2.1e-05,0.202623
run_pcsr,10,com-orkut.ungraph,wBFS_unweighted,0,1.1e-05,3.928605
run_pcsr,10,com-orkut.ungraph,wBFS_unweighted,1,1.9e-05,3.898724
run_pcsr,10,com-orkut.ungraph,wBFS_unweighted,2,1.7e-05,3.895432
run_pcsr,10,com-orkut.ungraph,wBFS_unweighted,3,1.7e-05,3.901259
run_pcsr,10,com-orkut.ungraph,wBFS_unweighted,4,1.7e-05,3.910189
run_pcsr,10,com-orkut.ungraph,wBFS_unweighted,5,1.8e-05,3.919605
run_pcsr,10,com-orkut.ungraph,wBFS_unweighted,6,1.8e-05,3.916053
run_pcsr,10,com-orkut.ungraph,wBFS_unweighted,7,1.7e-05,3.902567
run_pcsr,10,com-orkut.ungraph,wBFS_unweighted,8,1.7e-05,3.911714
run_pcsr,10,com-orkut.ungraph,wBFS_unweighted,9,1.6e-05,3.909346
run_pcsr,10,soc-LiveJournal1,BFS,0,8e-06,0.007872
run_pcsr,10,soc-LiveJournal1,BFS,1,1.3e-05,0.007002
run_pcsr,10,soc-LiveJournal1,BFS,2,1.3e-05,0.007251
run_pcsr,10,soc-LiveJournal1,BFS,3,1.5e-05,0.006888
run_pcsr,10,soc-LiveJournal1,BFS,4,1.4e-05,0.006789
run_pcsr,10,soc-LiveJournal1,BFS,5,1.4e-05,0.008393
run_pcsr,10,soc-LiveJournal1,BFS,6,1.4e-05,0.007011
run_pcsr,10,soc-LiveJournal1,BFS,7,1.4e-05,0.006856
run_pcsr,10,soc-LiveJournal1,BFS,8,1.5e-05,0.006832
run_pcsr,10,soc-LiveJournal1,BFS,9,1.5e-05,0.006822
run_pcsr,10,soc-LiveJournal1,LabelPropagation,0,8e-06,0.029745
run_pcsr,10,soc-LiveJournal1,LabelPropagation,1,1.6e-05,0.028581
run_pcsr,10,soc-LiveJournal1,LabelPropagation,2,1.7e-05,0.028458
run_pcsr,10,soc-LiveJournal1,LabelPropagation,3,1.7e-05,0.028368
run_pcsr,10,soc-LiveJournal1,LabelPropagation,4,1.6e-05,0.028142
run_pcsr,10,soc-LiveJournal1,LabelPropagation,5,1.7e-05,0.028572
run_pcsr,10,soc-LiveJournal1,LabelPropagation,6,1.6e-05,0.028511
run_pcsr,10,soc-LiveJournal1,LabelPropagation,7,1.6e-05,0.028537
run_pcsr,10,soc-LiveJournal1,LabelPropagation,8,1.6e-05,0.028229
run_pcsr,10,soc-LiveJournal1,LabelPropagation,9,1.6e-05,0.02835
run_pcsr,10,soc-LiveJournal1,PageRank,0,7e-06,0.207418
run_pcsr,10,soc-LiveJournal1,PageRank,1,1.6e-05,0.207819
run_pcsr,10,soc-LiveJournal1,PageRank,2,1.6e-05,0.211326
run_pcsr,10,soc-LiveJournal1,PageRank,3,1.6e-05,0.208796
run_pcsr,10,soc-LiveJournal1,PageRank,4,1.5e-05,0.216872
run_pcsr,10,soc-LiveJournal1,PageRank,5,1.6e-05,0.220075
run_pcsr,10,soc-LiveJournal1,PageRank,6,1.7e-05,0.215904
run_pcsr,10,soc-LiveJournal1,PageRank,7,1.7e-05,0.214428
run_pcsr,10,soc-LiveJournal1,PageRank,8,1.6e-05,0.217854
run_pcsr,10,soc-LiveJournal1,PageRank,9,1.7e-05,0.222219
run_pcsr,10,soc-LiveJournal1,wBFS_unweighted,0,1.1e-05,5.666234
run_pcsr,10,soc-LiveJournal1,wBFS_unweighted,1,1.6e-05,5.642211
run_pcsr,10,soc-LiveJournal1,wBFS_unweighted,2,1.6e-05,5.649232
run_pcsr,10,soc-LiveJournal1,wBFS_unweighted,3,1.6e-05,5.650253
run_pcsr,10,soc-LiveJournal1,wBFS_unweighted,4,1.7e-05,5.649015
run_pcsr,10,soc-LiveJournal1,wBFS_unweighted,5,1.7e-05,5.637066
run_pcsr,10,soc-LiveJournal1,wBFS_unweighted,6,1.5e-05,5.643821
run_pcsr,10,soc-LiveJournal1,wBFS_unweighted,7,1.6e-05,5.663808
run_pcsr,10,soc-LiveJournal1,wBFS_unweighted,8,1.6e-05,5.65359
run_pcsr,10,soc-LiveJournal1,wBFS_unweighted,9,1.5e-05,5.658451
run_pcsr,10,twitter-unique-undir,BFS,0,1e-05,0.037242
run_pcsr,10,twitter-unique-undir,BFS,1,2.2e-05,0.037167
run_pcsr,10,twitter-unique-undir,BFS,2,2e-05,0.038319
run_pcsr,10,twitter-unique-undir,BFS,3,2.2e-05,0.036604
run_pcsr,10,twitter-unique-undir,BFS,4,1.9e-05,0.037903
run_pcsr,10,twitter-unique-undir,BFS,5,2.3e-05,0.036743
run_pcsr,10,twitter-unique-undir,BFS,6,1.9e-05,0.035943
run_pcsr,10,twitter-unique-undir,BFS,7,2.1e-05,0.038481
run_pcsr,10,twitter-unique-undir,BFS,8,2.3e-05,0.036347
run_pcsr,10,twitter-unique-undir,BFS,9,2.6e-05,0.038158
run_pcsr,10,twitter-unique-undir,LabelPropagation,0,1.4e-05,0.886268
run_pcsr,10,twitter-unique-undir,LabelPropagation,1,2.2e-05,0.870653
run_pcsr,10,twitter-unique-undir,LabelPropagation,2,2.1e-05,0.895359
run_pcsr,10,twitter-unique-undir,LabelPropagation,3,2.1e-05,0.895277
run_pcsr,10,twitter-unique-undir,LabelPropagation,4,2e-05,0.879634
run_pcsr,10,twitter-unique-undir,LabelPropagation,5,2.2e-05,0.888487
run_pcsr,10,twitter-unique-undir,LabelPropagation,6,2.1e-05,0.881725
run_pcsr,10,twitter-unique-undir,LabelPropagation,7,2.1e-05,0.892307
run_pcsr,10,twitter-unique-undir,LabelPropagation,8,2e-05,0.889353
run_pcsr,10,twitter-unique-undir,LabelPropagation,9,2.1e-05,0.880023
run_pcsr,10,twitter-unique-undir,PageRank,0,1.2e-05,9.082519
run_pcsr,10,twitter-unique-undir,PageRank,1,2e-05,8.766933
run_pcsr,10,twitter-unique-undir,PageRank,2,2.5e-05,8.843619
run_pcsr,10,twitter-unique-undir,PageRank,3,2.5e-05,8.862512
run_pcsr,10,twitter-unique-undir,PageRank,4,2.8e-05,8.318933
run_pcsr,10,twitter-unique-undir,PageRank,5,2.7e-05,8.270022
run_pcsr,10,twitter-unique-undir,PageRank,6,2.4e-05,8.179338
run_pcsr,10,twitter-unique-undir,PageRank,7,2.2e-05,8.10132
run_pcsr,10,twitter-unique-undir,PageRank,8,2.8e-05,7.967441
run_pcsr,10,twitter-unique-undir,PageRank,9,2.9e-05,7.965512
run_pcsr,10,twitter-unique-undir,wBFS_unweighted,0,1.4e-05,34.208416
run_pcsr,10,twitter-unique-undir,wBFS_unweighted,1,2.6e-05,33.95564
run_pcsr,10,twitter-unique-undir,wBFS_unweighted,2,2.7e-05,33.949054
run_pcsr,10,twitter-unique-undir,wBFS_unweighted,3,4.1e-05,34.054384
run_pcsr,10,twitter-unique-undir,wBFS_unweighted,4,2.8e-05,34.775665
run_pcsr,10,twitter-unique-undir,wBFS_unweighted,5,3.4e-05,34.250491
run_pcsr,10,twitter-unique-undir,wBFS_unweighted,6,2.6e-05,38.09978
run_pcsr,10,twitter-unique-undir,wBFS_unweighted,7,2.7e-05,38.067459
run_pcsr,10,twitter-unique-undir,wBFS_unweighted,8,2.9e-05,37.69408
run_pcsr,10,twitter-unique-undir,wBFS_unweighted,9,2.7e-05,37.918309
run_pcsr,100,cit-Patents,BFS,0,5.9e-05,0.009611
run_pcsr,100,cit-Patents,BFS,1,5.8e-05,0.008719
run_pcsr,100,cit-Patents,BFS,2,5.8e-05,0.008626
run_pcsr,100,cit-Patents,BFS,3,5.8e-05,0.008935
run_pcsr,100,cit-Patents,BFS,4,6.8e-05,0.009765
run_pcsr,100,cit-Patents,BFS,5,5.9e-05,0.008397
run_pcsr,100,cit-Patents,BFS,6,6e-05,0.008308
run_pcsr,100,cit-Patents,BFS,7,6.4e-05,0.008272
run_pcsr,100,cit-Patents,BFS,8,6.3e-05,0.008321
run_pcsr,100,cit-Patents,BFS,9,6.6e-05,0.0083
run_pcsr,100,cit-Patents,LabelPropagation,0,6e-05,0.02663
run_pcsr,100,cit-Patents,LabelPropagation,1,6.7e-05,0.02582
run_pcsr,100,cit-Patents,LabelPropagation,2,6.7e-05,0.023733
run_pcsr,100,cit-Patents,LabelPropagation,3,6.4e-05,0.024512
run_pcsr,100,cit-Patents,LabelPropagation,4,6.7e-05,0.024701
run_pcsr,100,cit-Patents,LabelPropagation,5,6.6e-05,0.024014
run_pcsr,100,cit-Patents,LabelPropagation,6,6.4e-05,0.024496
run_pcsr,100,cit-Patents,LabelPropagation,7,6.8e-05,0.024522
run_pcsr,100,cit-Patents,LabelPropagation,8,6.7e-05,0.023879
run_pcsr,100,cit-Patents,LabelPropagation,9,6.8e-05,0.024495
run_pcsr,100,cit-Patents,PageRank,0,5.8e-05,0.158222
run_pcsr,100,cit-Patents,PageRank,1,7.3e-05,0.157726
run_pcsr,100,cit-Patents,PageRank,2,8.1e-05,0.162744
run_pcsr,100,cit-Patents,PageRank,3,7.6e-05,0.158572
run_pcsr,100,cit-Patents,PageRank,4,7.7e-05,0.1556
run_pcsr,100,cit-Patents,PageRank,5,7.8e-05,0.154847
run_pcsr,100,cit-Patents,PageRank,6,7.7e-05,0.155116
run_pcsr,100,cit-Patents,PageRank,7,7.6e-05,0.155145
run_pcsr,100,cit-Patents,PageRank,8,7.8e-05,0.155303
run_pcsr,100,cit-Patents,PageRank,9,7.6e-05,0.151421
run_pcsr,100,cit-Patents,wBFS_unweighted,0,5.8e-05,5.531386
run_pcsr,100,cit-Patents,wBFS_unweighted,1,6.5e-05,5.53896
run_pcsr,100,cit-Patents,wBFS_unweighted,2,6.4e-05,5.525668
run_pcsr,100,cit-Patents,wBFS_unweighted,3,6.3e-05,5.524146
run_pcsr,100,cit-Patents,wBFS_unweighted,4,6.1e-05,5.541406
run_pcsr,100,cit-Patents,wBFS_unweighted,5,6.3e-05,5.535082
run_pcsr,100,cit-Patents,wBFS_unweighted,6,6.1e-05,5.525938
run_pcsr,100,cit-Patents,wBFS_unweighted,7,6.3e-05,5.532354
run_pcsr,100,cit-Patents,wBFS_unweighted,8,6.5e-05,5.530578
run_pcsr,100,cit-Patents,wBFS_unweighted,9,6.3e-05,5.527787
run_pcsr,100,com-orkut.ungraph,BFS,0,5.5e-05,0.00521
run_pcsr,100,com-orkut.ungraph,BFS,1,5.2e-05,0.004449
run_pcsr,100,com-orkut.ungraph,BFS,2,5e-05,0.00431
run_pcsr,100,com-orkut.ungraph,BFS,3,5.2e-05,0.004301
run_pcsr,100,com-orkut.ungraph,BFS,4,4.7e-05,0.004278
run_pcsr,100,com-orkut.ungraph,BFS,5,5.1e-05,0.004246
run_pcsr,100,com-orkut.ungraph,BFS,6,4.9e-05,0.004362
run_pcsr,100,com-orkut.ungraph,BFS,7,4.7e-05,0.004549
run_pcsr,100,com-orkut.ungraph,BFS,8,4.9e-05,0.004269
run_pcsr,100,com-orkut.ungraph,BFS,9,5.1e-05,0.004398
run_pcsr,100,com-orkut.ungraph,LabelPropagation,0,5.5e-05,0.041267
run_pcsr,100,com-orkut.ungraph,LabelPropagation,1,7e-05,0.039299
run_pcsr,100,com-orkut.ungraph,LabelPropagation,2,7.2e-05,0.039717
run_pcsr,100,com-orkut.ungraph,LabelPropagation,3,6.9e-05,0.039285
run_pcsr,100,com-orkut.ungraph,LabelPropagation,4,6.9e-05,0.039102
run_pcsr,100,com-orkut.ungraph,LabelPropagation,5,7.1e-05,0.038671
run_pcsr,100,com-orkut.ungraph,LabelPropagation,6,7e-05,0.038805
run_pcsr,100,com-orkut.ungraph,LabelPropagation,7,7.1e-05,0.039839
run_pcsr,100,com-orkut.ungraph,LabelPropagation,8,7e-05,0.039084
run_pcsr,100,com-orkut.ungraph,LabelPropagation,9,6.9e-05,0.0387
run_pcsr,100,com-orkut.ungraph,PageRank,0,6.2e-05,0.213272
run_pcsr,100,com-orkut.ungraph,PageRank,1,7.5e-05,0.2083
run_pcsr,100,com-orkut.ungraph,PageRank,2,8.1e-05,0.218111
run_pcsr,100,com-orkut.ungraph,PageRank,3,8.4e-05,0.223645
run_pcsr,100,com-orkut.ungraph,PageRank,4,8.6e-05,0.208739
run_pcsr,100,com-orkut.ungraph,PageRank,5,8e-05,0.218795
run_pcsr,100,com-orkut.ungraph,PageRank,6,8.2e-05,0.207984
run_pcsr,100,com-orkut.ungraph,PageRank,7,8e-05,0.203915
run_pcsr,100,com-orkut.ungraph,PageRank,8,9.2e-05,0.21251
run_pcsr,100,com-orkut.ungraph,PageRank,9,8.3e-05,0.215379
run_pcsr,100,com-orkut.ungraph,wBFS_unweighted,0,6.3e-05,3.935123
run_pcsr,100,com-orkut.ungraph,wBFS_unweighted,1,6.8e-05,3.934143
run_pcsr,100,com-orkut.ungraph,wBFS_unweighted,2,7.1e-05,3.956307
run_pcsr,100,com-orkut.ungraph,wBFS_unweighted,3,6.8e-05,3.928133
run_pcsr,100,com-orkut.ungraph,wBFS_unweighted,4,6.4e-05,3.936626
run_pcsr,100,com-orkut.ungraph,wBFS_unweighted,5,6.8e-05,3.936501
run_pcsr,100,com-orkut.ungraph,wBFS_unweighted,6,6.6e-05,3.932978
run_pcsr,100,com-orkut.ungraph,wBFS_unweighted,7,7.2e-05,3.93757
run_pcsr,100,com-orkut.ungraph,wBFS_unweighted,8,6.7e-05,3.934659
run_pcsr,100,com-orkut.ungraph,wBFS_unweighted,9,6.9e-05,3.937045
run_pcsr,100,soc-LiveJournal1,BFS,0,6.3e-05,0.00859
run_pcsr,100,soc-LiveJournal1,BFS,1,6.4e-05,0.007961
run_pcsr,100,soc-LiveJournal1,BFS,2,6.4e-05,0.008953
run_pcsr,100,soc-LiveJournal1,BFS,3,6.5e-05,0.008126
run_pcsr,100,soc-LiveJournal1,BFS,4,6.2e-05,0.007818
run_pcsr,100,soc-LiveJournal1,BFS,5,6.4e-05,0.009693
run_pcsr,100,soc-LiveJournal1,BFS,6,9.8e-05,0.008707
run_pcsr,100,soc-LiveJournal1,BFS,7,7.4e-05,0.007862
run_pcsr,100,soc-LiveJournal1,BFS,8,7.3e-05,0.007935
run_pcsr,100,soc-LiveJournal1,BFS,9,7.3e-05,0.007727
run_pcsr,100,soc-LiveJournal1,LabelPropagation,0,6.3e-05,0.02746
run_pcsr,100,soc-LiveJournal1,LabelPropagation,1,7.2e-05,0.025499
run_pcsr,100,soc-LiveJournal1,LabelPropagation,2,7e-05,0.025332
run_pcsr,100,soc-LiveJournal1,LabelPropagation,3,7e-05,0.025305
run_pcsr,100,soc-LiveJournal1,LabelPropagation,4,7e-05,0.025264
run_pcsr,100,soc-LiveJournal1,LabelPropagation,5,7e-05,0.025328
run_pcsr,100,soc-LiveJournal1,LabelPropagation,6,7.1e-05,0.025319
run_pcsr,100,soc-LiveJournal1,LabelPropagation,7,7.3e-05,0.025086
run_pcsr,100,soc-LiveJournal1,LabelPropagation,8,7e-05,0.024964
run_pcsr,100,soc-LiveJournal1,LabelPropagation,9,7.1e-05,0.025069
run_pcsr,100,soc-LiveJournal1,PageRank,0,7.1e-05,0.199945
run_pcsr,100,soc-LiveJournal1,PageRank,1,7.3e-05,0.199782
run_pcsr,100,soc-LiveJournal1,PageRank,2,8e-05,0.204107
run_pcsr,100,soc-LiveJournal1,PageRank,3,7.7e-05,0.208412
run_pcsr,100,soc-LiveJournal1,PageRank,4,8.2e-05,0.206904
run_pcsr,100,soc-LiveJournal1,PageRank,5,8.1e-05,0.205871
run_pcsr,100,soc-LiveJournal1,PageRank,6,8.2e-05,0.204461
run_pcsr,100,soc-LiveJournal1,PageRank,7,8.4e-05,0.204616
run_pcsr,100,soc-LiveJournal1,PageRank,8,8.4e-05,0.204171
run_pcsr,100,soc-LiveJournal1,PageRank,9,8.4e-05,0.203971
run_pcsr,100,soc-LiveJournal1,wBFS_unweighted,0,6.1e-05,5.612604
run_pcsr,100,soc-LiveJournal1,wBFS_unweighted,1,6.8e-05,5.560376
run_pcsr,100,soc-LiveJournal1,wBFS_unweighted,2,7e-05,5.562359
run_pcsr,100,soc-LiveJournal1,wBFS_unweighted,3,6.9e-05,5.55471
run_pcsr,100,soc-LiveJournal1,wBFS_unweighted,4,6.9e-05,5.738583
run_pcsr,100,soc-LiveJournal1,wBFS_unweighted,5,0.000123,5.646221
run_pcsr,100,soc-LiveJournal1,wBFS_unweighted,6,0.000153,5.587916
run_pcsr,100,soc-LiveJournal1,wBFS_unweighted,7,7.7e-05,5.511287
run_pcsr,100,soc-LiveJournal1,wBFS_unweighted,8,7.6e-05,5.676849
run_pcsr,100,soc-LiveJournal1,wBFS_unweighted,9,9.6e-05,5.555701
run_pcsr,100,twitter-unique-undir,BFS,0,7.4e-05,0.039462
run_pcsr,100,twitter-unique-undir,BFS,1,8.2e-05,0.040696
run_pcsr,100,twitter-unique-undir,BFS,2,8.2e-05,0.040852
run_pcsr,100,twitter-unique-undir,BFS,3,8.1e-05,0.039928
run_pcsr,100,twitter-unique-undir,BFS,4,8.1e-05,0.041856
run_pcsr,100,twitter-unique-undir,BFS,5,8.8e-05,0.038612
run_pcsr,100,twitter-unique-undir,BFS,6,9.9e-05,0.041334
run_pcsr,100,twitter-unique-undir,BFS,7,8.7e-05,0.038658
run_pcsr,100,twitter-unique-undir,BFS,8,8.7e-05,0.038733
run_pcsr,100,twitter-unique-undir,BFS,9,8.5e-05,0.039068
run_pcsr,100,twitter-unique-undir,LabelPropagation,0,7.6e-05,0.931005
run_pcsr,100,twitter-unique-undir,LabelPropagation,1,8.5e-05,0.892529
run_pcsr,100,twitter-unique-undir,LabelPropagation,2,8.8e-05,0.895822
run_pcsr,100,twitter-unique-undir,LabelPropagation,3,8.1e-05,0.896812
run_pcsr,100,twitter-unique-undir,LabelPropagation,4,8.1e-05,0.876842
run_pcsr,100,twitter-unique-undir,LabelPropagation,5,8.4e-05,0.884655
run_pcsr,100,twitter-unique-undir,LabelPropagation,6,8.3e-05,0.892217
run_pcsr,100,twitter-unique-undir,LabelPropagation,7,8e-05,0.867035
run_pcsr,100,twitter-unique-undir,LabelPropagation,8,8.7e-05,0.893525
run_pcsr,100,twitter-unique-undir,LabelPropagation,9,8e-05,0.897656
run_pcsr,100,twitter-unique-undir,PageRank,0,7.3e-05,8.336059
run_pcsr,100,twitter-unique-undir,PageRank,1,8.9e-05,7.531572
run_pcsr,100,twitter-unique-undir,PageRank,2,8.7e-05,7.464572
run_pcsr,100,twitter-unique-undir,PageRank,3,9.2e-05,7.372952
run_pcsr,100,twitter-unique-undir,PageRank,4,8.8e-05,7.461798
run_pcsr,100,twitter-unique-undir,PageRank,5,9.2e-05,7.299537
run_pcsr,100,twitter-unique-undir,PageRank,6,0.000102,7.227954
run_pcsr,100,twitter-unique-undir,PageRank,7,0.0001,7.311572
run_pcsr,100,twitter-unique-undir,PageRank,8,0.000106,7.312433
run_pcsr,100,twitter-unique-undir,PageRank,9,9.4e-05,7.314587
run_pcsr,100,twitter-unique-undir,wBFS_unweighted,0,7e-05,30.916027
run_pcsr,100,twitter-unique-undir,wBFS_unweighted,1,9.8e-05,29.758461
run_pcsr,100,twitter-unique-undir,wBFS_unweighted,2,9.5e-05,30.660015
run_pcsr,100,twitter-unique-undir,wBFS_unweighted,3,8.9e-05,30.031556
run_pcsr,100,twitter-unique-undir,wBFS_unweighted,4,8.9e-05,31.04722
run_pcsr,100,twitter-unique-undir,wBFS_unweighted,5,8.7e-05,31.99033
run_pcsr,100,twitter-unique-undir,wBFS_unweighted,6,9e-05,31.172944
run_pcsr,100,twitter-unique-undir,wBFS_unweighted,7,8.9e-05,30.85133
run_pcsr,100,twitter-unique-undir,wBFS_unweighted,8,9.2e-05,29.605094
run_pcsr,100,twitter-unique-undir,wBFS_unweighted,9,8.9e-05,30.071296
run_pcsr,1000,cit-Patents,BFS,0,0.000138,0.010249
run_pcsr,1000,cit-Patents,BFS,1,0.00016,0.009369
run_pcsr,1000,cit-Patents,BFS,2,0.00015,0.007936
run_pcsr,1000,cit-Patents,BFS,3,0.000151,0.007979
run_pcsr,1000,cit-Patents,BFS,4,0.000154,0.007982
run_pcsr,1000,cit-Patents,BFS,5,0.000163,0.007985
run_pcsr,1000,cit-Patents,BFS,6,0.000151,0.00794
run_pcsr,1000,cit-Patents,BFS,7,0.000153,0.007938
run_pcsr,1000,cit-Patents,BFS,8,0.000153,0.00795
run_pcsr,1000,cit-Patents,BFS,9,0.000153,0.007987
run_pcsr,1000,cit-Patents,LabelPropagation,0,0.000139,0.027297
run_pcsr,1000,cit-Patents,LabelPropagation,1,0.000158,0.02568
run_pcsr,1000,cit-Patents,LabelPropagation,2,0.000157,0.025151
run_pcsr,1000,cit-Patents,LabelPropagation,3,0.000158,0.02519
run_pcsr,1000,cit-Patents,LabelPropagation,4,0.000159,0.024284
run_pcsr,1000,cit-Patents,LabelPropagation,5,0.00016,0.024488
run_pcsr,1000,cit-Patents,LabelPropagation,6,0.000157,0.025044
run_pcsr,1000,cit-Patents,LabelPropagation,7,0.00016,0.024817
run_pcsr,1000,cit-Patents,LabelPropagation,8,0.000162,0.025021
run_pcsr,1000,cit-Patents,LabelPropagation,9,0.000163,0.025617
run_pcsr,1000,cit-Patents,PageRank,0,0.000144,0.151368
run_pcsr,1000,cit-Patents,PageRank,1,0.00017,0.151286
run_pcsr,1000,cit-Patents,PageRank,2,0.00016,0.153065
run_pcsr,1000,cit-Patents,PageRank,3,0.00016,0.154369
run_pcsr,1000,cit-Patents,PageRank,4,0.00016,0.150548
run_pcsr,1000,cit-Patents,PageRank,5,0.000161,0.153591
run_pcsr,1000,cit-Patents,PageRank,6,0.000162,0.150955
run_pcsr,1000,cit-Patents,PageRank,7,0.000163,0.150321
run_pcsr,1000,cit-Patents,PageRank,8,0.000166,0.164419
run_pcsr,1000,cit-Patents,PageRank,9,0.000162,0.144118
run_pcsr,1000,cit-Patents,wBFS_unweighted,0,0.000142,5.632652
run_pcsr,1000,cit-Patents,wBFS_unweighted,1,0.000153,5.636025
run_pcsr,1000,cit-Patents,wBFS_unweighted,2,0.000152,5.638097
run_pcsr,1000,cit-Patents,wBFS_unweighted,3,0.000149,5.641174
run_pcsr,1000,cit-Patents,wBFS_unweighted,4,0.00015,5.641295
run_pcsr,1000,cit-Patents,wBFS_unweighted,5,0.000149,5.639375
run_pcsr,1000,cit-Patents,wBFS_unweighted,6,0.000193,5.650197
run_pcsr,1000,cit-Patents,wBFS_unweighted,7,0.000151,5.664291
run_pcsr,1000,cit-Patents,wBFS_unweighted,8,0.000151,5.634989
run_pcsr,1000,cit-Patents,wBFS_unweighted,9,0.000152,5.630143
run_pcsr,1000,com-orkut.ungraph,BFS,0,0.000156,0.005729
run_pcsr,1000,com-orkut.ungraph,BFS,1,0.000139,0.005011
run_pcsr,1000,com-orkut.ungraph,BFS,2,0.000146,0.004931
run_pcsr,1000,com-orkut.ungraph,BFS,3,0.000144,0.004934
run_pcsr,1000,com-orkut.ungraph,BFS,4,0.000138,0.007883
run_pcsr,1000,com-orkut.ungraph,BFS,5,0.000172,0.005026
run_pcsr,1000,com-orkut.ungraph,BFS,6,0.000167,0.004918
run_pcsr,1000,com-orkut.ungraph,BFS,7,0.000172,0.004897
run_pcsr,1000,com-orkut.ungraph,BFS,8,0.000186,0.004913
run_pcsr,1000,com-orkut.ungraph,BFS,9,0.0002,0.004942
run_pcsr,1000,com-orkut.ungraph,LabelPropagation,0,0.00016,0.03803
run_pcsr,1000,com-orkut.ungraph,LabelPropagation,1,0.000154,0.03813
run_pcsr,1000,com-orkut.ungraph,LabelPropagation,2,0.000157,0.039338
run_pcsr,1000,com-orkut.ungraph,LabelPropagation,3,0.000158,0.039136
run_pcsr,1000,com-orkut.ungraph,LabelPropagation,4,0.000158,0.037874
run_pcsr,1000,com-orkut.ungraph,LabelPropagation,5,0.000161,0.037752
run_pcsr,1000,com-orkut.ungraph,LabelPropagation,6,0.000162,0.037775
run_pcsr,1000,com-orkut.ungraph,LabelPropagation,7,0.000159,0.038332
run_pcsr,1000,com-orkut.ungraph,LabelPropagation,8,0.000163,0.038131
run_pcsr,1000,com-orkut.ungraph,LabelPropagation,9,0.000156,0.037835
run_pcsr,1000,com-orkut.ungraph,PageRank,0,0.000156,0.23804
run_pcsr,1000,com-orkut.ungraph,PageRank,1,0.000167,0.237575
run_pcsr,1000,com-orkut.ungraph,PageRank,2,0.000173,0.241654
run_pcsr,1000,com-orkut.ungraph,PageRank,3,0.000174,0.24042
run_pcsr,1000,com-orkut.ungraph,PageRank,4,0.000214,0.239233
run_pcsr,1000,com-orkut.ungraph,PageRank,5,0.000202,0.239853
run_pcsr,1000,com-orkut.ungraph,PageRank,6,0.000208,0.236856
run_pcsr,1000,com-orkut.ungraph,PageRank,7,0.000196,0.237901
run_pcsr,1000,com-orkut.ungraph,PageRank,8,0.000226,0.210784
run_pcsr,1000,com-orkut.ungraph,PageRank,9,0.000217,0.208082
run_pcsr,1000,com-orkut.ungraph,wBFS_unweighted,0,0.000151,3.843246
run_pcsr,1000,com-orkut.ungraph,wBFS_unweighted,1,0.000157,3.853336
run_pcsr,1000,com-orkut.ungraph,wBFS_unweighted,2,0.000153,3.929705
run_pcsr,1000,com-orkut.ungraph,wBFS_unweighted,3,0.00028,3.898256
run_pcsr,1000,com-orkut.ungraph,wBFS_unweighted,4,0.000191,3.851698
run_pcsr,1000,com-orkut.ungraph,wBFS_unweighted,5,0.000188,3.946457
run_pcsr,1000,com-orkut.ungraph,wBFS_unweighted,6,0.000228,3.881766
run_pcsr,1000,com-orkut.ungraph,wBFS_unweighted,7,0.00017,3.825393
run_pcsr,1000,com-orkut.ungraph,wBFS_unweighted,8,0.000169,3.86892
run_pcsr,1000,com-orkut.ungraph,wBFS_unweighted,9,0.000251,3.870229
run_pcsr,1000,soc-LiveJournal1,BFS,0,0.000145,0.006943
run_pcsr,1000,soc-LiveJournal1,BFS,1,0.00015,0.00637
run_pcsr,1000,soc-LiveJournal1,BFS,2,0.000151,0.006277
run_pcsr,1000,soc-LiveJournal1,BFS,3,0.000153,0.006356
run_pcsr,1000,soc-LiveJournal1,BFS,4,0.000155,0.006335
run_pcsr,1000,soc-LiveJournal1,BFS,5,0.000146,0.006278
run_pcsr,1000,soc-LiveJournal1,BFS,6,0.000153,0.006293
run_pcsr,1000,soc-LiveJournal1,BFS,7,0.00015,0.006485
run_pcsr,1000,soc-LiveJournal1,BFS,8,0.000148,0.006433
run_pcsr,1000,soc-LiveJournal1,BFS,9,0.000154,0.006267
run_pcsr,1000,soc-LiveJournal1,LabelPropagation,0,0.00015,0.025677
run_pcsr,1000,soc-LiveJournal1,LabelPropagation,1,0.000164,0.023683
run_pcsr,1000,soc-LiveJournal1,LabelPropagation,2,0.000164,0.024217
run_pcsr,1000,soc-LiveJournal1,LabelPropagation,3,0.00016,0.02478
run_pcsr,1000,soc-LiveJournal1,LabelPropagation,4,0.000163,0.024703
run_pcsr,1000,soc-LiveJournal1,LabelPropagation,5,0.000155,0.024583
run_pcsr,1000,soc-LiveJournal1,LabelPropagation,6,0.000162,0.023931
run_pcsr,1000,soc-LiveJournal1,LabelPropagation,7,0.000158,0.023973
run_pcsr,1000,soc-LiveJournal1,LabelPropagation,8,0.000157,0.024107
run_pcsr,1000,soc-LiveJournal1,LabelPropagation,9,0.000164,0.024227
run_pcsr,1000,soc-LiveJournal1,PageRank,0,0.000143,0.161405
run_pcsr,1000,soc-LiveJournal1,PageRank,1,0.000178,0.157655
run_pcsr,1000,soc-LiveJournal1,PageRank,2,0.000183,0.159901
run_pcsr,1000,soc-LiveJournal1,PageRank,3,0.000171,0.159826
run_pcsr,1000,soc-LiveJournal1,PageRank,4,0.00023,0.160466
run_pcsr,1000,soc-LiveJournal1,PageRank,5,0.000183,0.159411
run_pcsr,1000,soc-LiveJournal1,PageRank,6,0.000187,0.161152
run_pcsr,1000,soc-LiveJournal1,PageRank,7,0.000179,0.162997
run_pcsr,1000,soc-LiveJournal1,PageRank,8,0.000174,0.163395
run_pcsr,1000,soc-LiveJournal1,PageRank,9,0.000191,0.157807
run_pcsr,1000,soc-LiveJournal1,wBFS_unweighted,0,0.000147,5.525075
run_pcsr,1000,soc-LiveJournal1,wBFS_unweighted,1,0.000155,5.524464
run_pcsr,1000,soc-LiveJournal1,wBFS_unweighted,2,0.000153,5.532341
run_pcsr,1000,soc-LiveJournal1,wBFS_unweighted,3,0.000153,5.531813
run_pcsr,1000,soc-LiveJournal1,wBFS_unweighted,4,0.000157,5.527054
run_pcsr,1000,soc-LiveJournal1,wBFS_unweighted,5,0.000148,5.521222
run_pcsr,1000,soc-LiveJournal1,wBFS_unweighted,6,0.00015,5.520359
run_pcsr,1000,soc-LiveJournal1,wBFS_unweighted,7,0.000148,5.518267
run_pcsr,1000,soc-LiveJournal1,wBFS_unweighted,8,0.000151,5.514807
run_pcsr,1000,soc-LiveJournal1,wBFS_unweighted,9,0.000157,5.512045
run_pcsr,1000,twitter-unique-undir,BFS,0,0.000172,0.03753
run_pcsr,1000,twitter-unique-undir,BFS,1,0.000181,0.039041
run_pcsr,1000,twitter-unique-undir,BFS,2,0.000185,0.037459
run_pcsr,1000,twitter-unique-undir,BFS,3,0.000187,0.036647
run_pcsr,1000,twitter-unique-undir,BFS,4,0.00018,0.037926
run_pcsr,1000,twitter-unique-undir,BFS,5,0.000192,0.035988
run_pcsr,1000,twitter-unique-undir,BFS,6,0.000211,0.038048
run_pcsr,1000,twitter-unique-undir,BFS,7,0.000198,0.040401
run_pcsr,1000,twitter-unique-undir,BFS,8,0.000208,0.039104
run_pcsr,1000,twitter-unique-undir,BFS,9,0.000202,0.040477
run_pcsr,1000,twitter-unique-undir,LabelPropagation,0,0.000163,0.95333
run_pcsr,1000,twitter-unique-undir,LabelPropagation,1,0.000175,0.951645
run_pcsr,1000,twitter-unique-undir,LabelPropagation,2,0.000228,0.986545
run_pcsr,1000,twitter-unique-undir,LabelPropagation,3,0.000203,0.985317
run_pcsr,1000,twitter-unique-undir,LabelPropagation,4,0.000215,0.980827
run_pcsr,1000,twitter-unique-undir,LabelPropagation,5,0.000205,0.943412
run_pcsr,1000,twitter-unique-undir,LabelPropagation,6,0.000206,0.960743
run_pcsr,1000,twitter-unique-undir,LabelPropagation,7,0.000195,0.953686
run_pcsr,1000,twitter-unique-undir,LabelPropagation,8,0.000208,0.957697
run_pcsr,1000,twitter-unique-undir,LabelPropagation,9,0.00019,0.95696
run_pcsr,1000,twitter-unique-undir,PageRank,0,0.000169,8.493448
run_pcsr,1000,twitter-unique-undir,PageRank,1,0.000181,8.274111
run_pcsr,1000,twitter-unique-undir,PageRank,2,0.000222,8.309653
run_pcsr,1000,twitter-unique-undir,PageRank,3,0.000221,8.273734
run_pcsr,1000,twitter-unique-undir,PageRank,4,0.000209,7.859843
run_pcsr,1000,twitter-unique-undir,PageRank,5,0.000193,7.86437
run_pcsr,1000,twitter-unique-undir,PageRank,6,0.000238,7.870464
run_pcsr,1000,twitter-unique-undir,PageRank,7,0.000236,7.574784
run_pcsr,1000,twitter-unique-undir,PageRank,8,0.000251,7.576021
run_pcsr,1000,twitter-unique-undir,PageRank,9,0.000242,7.585676
run_pcsr,1000,twitter-unique-undir,wBFS_unweighted,0,0.000177,30.803947
run_pcsr,1000,twitter-unique-undir,wBFS_unweighted,1,0.00036,34.495267
run_pcsr,1000,twitter-unique-undir,wBFS_unweighted,2,0.000194,34.816734
run_pcsr,1000,twitter-unique-undir,wBFS_unweighted,3,0.000193,35.038941
run_pcsr,1000,twitter-unique-undir,wBFS_unweighted,4,0.000189,34.583737
run_pcsr,1000,twitter-unique-undir,wBFS_unweighted,5,0.000174,35.555957
run_pcsr,1000,twitter-unique-undir,wBFS_unweighted,6,0.000179,34.95395
run_pcsr,1000,twitter-unique-undir,wBFS_unweighted,7,0.000177,37.741736
run_pcsr,1000,twitter-unique-undir,wBFS_unweighted,8,0.000188,41.613338
run_pcsr,1000,twitter-unique-undir,wBFS_unweighted,9,0.000174,40.207897
run_pcsr,10000,cit-Patents,BFS,0,0.000552,0.009372
run_pcsr,10000,cit-Patents,BFS,1,0.000599,0.008867
run_pcsr,10000,cit-Patents,BFS,2,0.00062,0.010264
run_pcsr,10000,cit-Patents,BFS,3,0.000605,0.008433
run_pcsr,10000,cit-Patents,BFS,4,0.0006,0.008383
run_pcsr,10000,cit-Patents,BFS,5,0.00059,0.008395
run_pcsr,10000,cit-Patents,BFS,6,0.000606,0.008366
run_pcsr,10000,cit-Patents,BFS,7,0.000609,0.008327
run_pcsr,10000,cit-Patents,BFS,8,0.000627,0.008389
run_pcsr,10000,cit-Patents,BFS,9,0.000612,0.008342
run_pcsr,10000,cit-Patents,LabelPropagation,0,0.000558,0.025661
run_pcsr,10000,cit-Patents,LabelPropagation,1,0.000603,0.023822
run_pcsr,10000,cit-Patents,LabelPropagation,2,0.000591,0.024009
run_pcsr,10000,cit-Patents,LabelPropagation,3,0.000593,0.023928
run_pcsr,10000,cit-Patents,LabelPropagation,4,0.000589,0.024232
run_pcsr,10000,cit-Patents,LabelPropagation,5,0.000577,0.023947
run_pcsr,10000,cit-Patents,LabelPropagation,6,0.000579,0.024042
run_pcsr,10000,cit-Patents,LabelPropagation,7,0.000577,0.026113
run_pcsr,10000,cit-Patents,LabelPropagation,8,0.000595,0.023296
run_pcsr,10000,cit-Patents,LabelPropagation,9,0.000578,0.023307
run_pcsr,10000,cit-Patents,PageRank,0,0.000572,0.158893
run_pcsr,10000,cit-Patents,PageRank,1,0.000657,0.151338
run_pcsr,10000,cit-Patents,PageRank,2,0.000659,0.149351
run_pcsr,10000,cit-Patents,PageRank,3,0.000632,0.149537
run_pcsr,10000,cit-Patents,PageRank,4,0.000618,0.15139
run_pcsr,10000,cit-Patents,PageRank,5,0.000599,0.149107
run_pcsr,10000,cit-Patents,PageRank,6,0.000595,0.163001
run_pcsr,10000,cit-Patents,PageRank,7,0.000592,0.152554
run_pcsr,10000,cit-Patents,PageRank,8,0.000601,0.149883
run_pcsr,10000,cit-Patents,PageRank,9,0.000589,0.141826
run_pcsr,10000,cit-Patents,wBFS_unweighted,0,0.000549,5.515234
run_pcsr,10000,cit-Patents,wBFS_unweighted,1,0.000615,5.529875
run_pcsr,10000,cit-Patents,wBFS_unweighted,2,0.000597,5.54512
run_pcsr,10000,cit-Patents,wBFS_unweighted,3,0.000927,5.541997
run_pcsr,10000,cit-Patents,wBFS_unweighted,4,0.000587,5.53944
run_pcsr,10000,cit-Patents,wBFS_unweighted,5,0.000579,5.551112
run_pcsr,10000,cit-Patents,wBFS_unweighted,6,0.000574,5.546027
run_pcsr,10000,cit-Patents,wBFS_unweighted,7,0.000579,5.550641
run_pcsr,10000,cit-Patents,wBFS_unweighted,8,0.00061,5.533684
run_pcsr,10000,cit-Patents,wBFS_unweighted,9,0.000583,5.52856
run_pcsr,10000,com-orkut.ungraph,BFS,0,0.000561,0.008664
run_pcsr,10000,com-orkut.ungraph,BFS,1,0.00064,0.005066
run_pcsr,10000,com-orkut.ungraph,BFS,2,0.000565,0.004925
run_pcsr,10000,com-orkut.ungraph,BFS,3,0.000538,0.004881
run_pcsr,10000,com-orkut.ungraph,BFS,4,0.000587,0.004847
run_pcsr,10000,com-orkut.ungraph,BFS,5,0.000571,0.004882
run_pcsr,10000,com-orkut.ungraph,BFS,6,0.000605,0.004911
run_pcsr,10000,com-orkut.ungraph,BFS,7,0.00057,0.004845
run_pcsr,10000,com-orkut.ungraph,BFS,8,0.00056,0.005443
run_pcsr,10000,com-orkut.ungraph,BFS,9,0.000579,0.005841
run_pcsr,10000,com-orkut.ungraph,LabelPropagation,0,0.00058,0.038295
run_pcsr,10000,com-orkut.ungraph,LabelPropagation,1,0.00052,0.037091
run_pcsr,10000,com-orkut.ungraph,LabelPropagation,2,0.000573,0.03721
run_pcsr,10000,com-orkut.ungraph,LabelPropagation,3,0.000526,0.037445
run_pcsr,10000,com-orkut.ungraph,LabelPropagation,4,0.000556,0.037523
run_pcsr,10000,com-orkut.ungraph,LabelPropagation,5,0.000555,0.03736
run_pcsr,10000,com-orkut.ungraph,LabelPropagation,6,0.000563,0.037785
run_pcsr,10000,com-orkut.ungraph,LabelPropagation,7,0.000529,0.03784
run_pcsr,10000,com-orkut.ungraph,LabelPropagation,8,0.000538,0.037175
run_pcsr,10000,com-orkut.ungraph,LabelPropagation,9,0.000543,0.037318
run_pcsr,10000,com-orkut.ungraph,PageRank,0,0.000595,0.235804
run_pcsr,10000,com-orkut.ungraph,PageRank,1,0.000587,0.227537
run_pcsr,10000,com-orkut.ungraph,PageRank,2,0.000619,0.226395
run_pcsr,10000,com-orkut.ungraph,PageRank,3,0.000571,0.226311
run_pcsr,10000,com-orkut.ungraph,PageRank,4,0.000595,0.228267
run_pcsr,10000,com-orkut.ungraph,PageRank,5,0.000597,0.223452
run_pcsr,10000,com-orkut.ungraph,PageRank,6,0.000609,0.232212
run_pcsr,10000,com-orkut.ungraph,PageRank,7,0.000572,0.225136
run_pcsr,10000,com-orkut.ungraph,PageRank,8,0.0006,0.231715
run_pcsr,10000,com-orkut.ungraph,PageRank,9,0.000612,0.221996
run_pcsr,10000,com-orkut.ungraph,wBFS_unweighted,0,0.000581,3.89598
run_pcsr,10000,com-orkut.ungraph,wBFS_unweighted,1,0.000575,3.902845
run_pcsr,10000,com-orkut.ungraph,wBFS_unweighted,2,0.001283,3.92497
run_pcsr,10000,com-orkut.ungraph,wBFS_unweighted,3,0.000708,4.023011
run_pcsr,10000,com-orkut.ungraph,wBFS_unweighted,4,0.001383,3.924795
run_pcsr,10000,com-orkut.ungraph,wBFS_unweighted,5,0.000912,3.905577
run_pcsr,10000,com-orkut.ungraph,wBFS_unweighted,6,0.000975,4.038157
run_pcsr,10000,com-orkut.ungraph,wBFS_unweighted,7,0.001293,3.975888
run_pcsr,10000,com-orkut.ungraph,wBFS_unweighted,8,0.000928,3.916571
run_pcsr,10000,com-orkut.ungraph,wBFS_unweighted,9,0.00078,3.92572
run_pcsr,10000,soc-LiveJournal1,BFS,0,0.000588,0.008371
run_pcsr,10000,soc-LiveJournal1,BFS,1,0.00059,0.007412
run_pcsr,10000,soc-LiveJournal1,BFS,2,0.000649,0.007314
run_pcsr,10000,soc-LiveJournal1,BFS,3,0.000584,0.00729
run_pcsr,10000,soc-LiveJournal1,BFS,4,0.000586,0.007345
run_pcsr,10000,soc-LiveJournal1,BFS,5,0.000646,0.0074
run_pcsr,10000,soc-LiveJournal1,BFS,6,0.000678,0.007439
run_pcsr,10000,soc-LiveJournal1,BFS,7,0.000615,0.007549
run_pcsr,10000,soc-LiveJournal1,BFS,8,0.000607,0.007418
run_pcsr,10000,soc-LiveJournal1,BFS,9,0.000623,0.007485
run_pcsr,10000,soc-LiveJournal1,LabelPropagation,0,0.000602,0.031528
run_pcsr,10000,soc-LiveJournal1,LabelPropagation,1,0.00061,0.028031
run_pcsr,10000,soc-LiveJournal1,LabelPropagation,2,0.000634,0.028902
run_pcsr,10000,soc-LiveJournal1,LabelPropagation,3,0.000566,0.028037
run_pcsr,10000,soc-LiveJournal1,LabelPropagation,4,0.000575,0.027347
run_pcsr,10000,soc-LiveJournal1,LabelPropagation,5,0.000602,0.027829
run_pcsr,10000,soc-LiveJournal1,LabelPropagation,6,0.000616,0.028108
run_pcsr,10000,soc-LiveJournal1,LabelPropagation,7,0.000574,0.027817
run_pcsr,10000,soc-LiveJournal1,LabelPropagation,8,0.000592,0.027829
run_pcsr,10000,soc-LiveJournal1,LabelPropagation,9,0.000599,0.027656
run_pcsr,10000,soc-LiveJournal1,PageRank,0,0.000615,0.234175
run_pcsr,10000,soc-LiveJournal1,PageRank,1,0.000585,0.234145
run_pcsr,10000,soc-LiveJournal1,PageRank,2,0.000619,0.239122
run_pcsr,10000,soc-LiveJournal1,PageRank,3,0.000573,0.233569
run_pcsr,10000,soc-LiveJournal1,PageRank,4,0.000592,0.239501
run_pcsr,10000,soc-LiveJournal1,PageRank,5,0.000603,0.231169
run_pcsr,10000,soc-LiveJournal1,PageRank,6,0.000617,0.23484
run_pcsr,10000,soc-LiveJournal1,PageRank,7,0.000588,0.23644
run_pcsr,10000,soc-LiveJournal1,PageRank,8,0.000579,0.234673
run_pcsr,10000,soc-LiveJournal1,PageRank,9,0.000593,0.230486
run_pcsr,10000,soc-LiveJournal1,wBFS_unweighted,0,0.000581,5.720693
run_pcsr,10000,soc-LiveJournal1,wBFS_unweighted,1,0.000596,5.706935
run_pcsr,10000,soc-LiveJournal1,wBFS_unweighted,2,0.000611,5.677652
run_pcsr,10000,soc-LiveJournal1,wBFS_unweighted,3,0.000553,5.668848
run_pcsr,10000,soc-LiveJournal1,wBFS_unweighted,4,0.00055,5.67432
run_pcsr,10000,soc-LiveJournal1,wBFS_unweighted,5,0.000568,5.671232
run_pcsr,10000,soc-LiveJournal1,wBFS_unweighted,6,0.000599,5.653804
run_pcsr,10000,soc-LiveJournal1,wBFS_unweighted,7,0.000568,5.660554
run_pcsr,10000,soc-LiveJournal1,wBFS_unweighted,8,0.000559,5.676158
run_pcsr,10000,soc-LiveJournal1,wBFS_unweighted,9,0.000586,5.664048
run_pcsr,10000,twitter-unique-undir,BFS,0,0.000602,0.037306
run_pcsr,10000,twitter-unique-undir,BFS,1,0.000722,0.040104
run_pcsr,10000,twitter-unique-undir,BFS,2,0.000642,0.036989
run_pcsr,10000,twitter-unique-undir,BFS,3,0.000632,0.037212
run_pcsr,10000,twitter-unique-undir,BFS,4,0.000648,0.03772
run_pcsr,10000,twitter-unique-undir,BFS,5,0.000676,0.037167
run_pcsr,10000,twitter-unique-undir,BFS,6,0.000673,0.03764
run_pcsr,10000,twitter-unique-undir,BFS,7,0.000682,0.038322
run_pcsr,10000,twitter-unique-undir,BFS,8,0.000672,0.037451
run_pcsr,10000,twitter-unique-undir,BFS,9,0.000749,0.038082
run_pcsr,10000,twitter-unique-undir,LabelPropagation,0,0.00069,0.996655
run_pcsr,10000,twitter-unique-undir,LabelPropagation,1,0.000767,1.000067
run_pcsr,10000,twitter-unique-undir,LabelPropagation,2,0.000737,1.011102
run_pcsr,10000,twitter-unique-undir,LabelPropagation,3,0.000739,1.006999
run_pcsr,10000,twitter-unique-undir,LabelPropagation,4,0.000722,1.003788
run_pcsr,10000,twitter-unique-undir,LabelPropagation,5,0.000732,1.019136
run_pcsr,10000,twitter-unique-undir,LabelPropagation,6,0.000737,1.003386
run_pcsr,10000,twitter-unique-undir,LabelPropagation,7,0.000724,0.987313
run_pcsr,10000,twitter-unique-undir,LabelPropagation,8,0.000716,1.015444
run_pcsr,10000,twitter-unique-undir,LabelPropagation,9,0.000734,1.013133
run_pcsr,10000,twitter-unique-undir,PageRank,0,0.000667,10.726795
run_pcsr,10000,twitter-unique-undir,PageRank,1,0.000637,9.999702
run_pcsr,10000,twitter-unique-undir,PageRank,2,0.00061,11.534679
run_pcsr,10000,twitter-unique-undir,PageRank,3,0.000577,13.197994
run_pcsr,10000,twitter-unique-undir,PageRank,4,0.000726,12.776975
run_pcsr,10000,twitter-unique-undir,PageRank,5,0.001024,11.402572
run_pcsr,10000,twitter-unique-undir,PageRank,6,0.000827,11.036088
run_pcsr,10000,twitter-unique-undir,PageRank,7,0.000823,11.015311
run_pcsr,10000,twitter-unique-undir,PageRank,8,0.000685,9.80389
run_pcsr,10000,twitter-unique-undir,PageRank,9,0.000709,9.771713
run_pcsr,10000,twitter-unique-undir,wBFS_unweighted,0,0.000669,32.366166
run_pcsr,10000,twitter-unique-undir,wBFS_unweighted,1,0.000704,33.270585
run_pcsr,10000,twitter-unique-undir,wBFS_unweighted,2,0.000671,37.434487
run_pcsr,10000,twitter-unique-undir,wBFS_unweighted,3,0.000647,37.0902
run_pcsr,10000,twitter-unique-undir,wBFS_unweighted,4,0.000666,37.140079
run_pcsr,10000,twitter-unique-undir,wBFS_unweighted,5,0.000698,36.777259
run_pcsr,10000,twitter-unique-undir,wBFS_unweighted,6,0.001573,36.91197
run_pcsr,10000,twitter-unique-undir,wBFS_unweighted,7,0.000798,37.187888
run_pcsr,10000,twitter-unique-undir,wBFS_unweighted,8,0.00077,35.956047
run_pcsr,10000,twitter-unique-undir,wBFS_unweighted,9,0.000744,36.123404
run_pcsr,100000,cit-Patents,BFS,0,0.001809,0.00894
run_pcsr,100000,cit-Patents,BFS,1,0.001358,0.008595
run_pcsr,100000,cit-Patents,BFS,2,0.001373,0.009765
run_pcsr,100000,cit-Patents,BFS,3,0.001364,0.008774
run_pcsr,100000,cit-Patents,BFS,4,0.001368,0.0085
run_pcsr,100000,cit-Patents,BFS,5,0.001354,0.009005
run_pcsr,100000,cit-Patents,BFS,6,0.001421,0.008879
run_pcsr,100000,cit-Patents,BFS,7,0.001358,0.009475
run_pcsr,100000,cit-Patents,BFS,8,0.001348,0.009446
run_pcsr,100000,cit-Patents,BFS,9,0.001351,0.008748
run_pcsr,100000,cit-Patents,LabelPropagation,0,0.001386,0.02748
run_pcsr,100000,cit-Patents,LabelPropagation,1,0.001259,0.025622
run_pcsr,100000,cit-Patents,LabelPropagation,2,0.00126,0.02623
run_pcsr,100000,cit-Patents,LabelPropagation,3,0.001248,0.025493
run_pcsr,100000,cit-Patents,LabelPropagation,4,0.001341,0.027477
run_pcsr,100000,cit-Patents,LabelPropagation,5,0.001234,0.025746
run_pcsr,100000,cit-Patents,LabelPropagation,6,0.001289,0.026285
run_pcsr,100000,cit-Patents,LabelPropagation,7,0.00128,0.025971
run_pcsr,100000,cit-Patents,LabelPropagation,8,0.001356,0.02575
run_pcsr,100000,cit-Patents,LabelPropagation,9,0.001263,0.025266
run_pcsr,100000,cit-Patents,PageRank,0,0.002447,0.165193
run_pcsr,100000,cit-Patents,PageRank,1,0.001604,0.163016
run_pcsr,100000,cit-Patents,PageRank,2,0.001299,0.162068
run_pcsr,100000,cit-Patents,PageRank,3,0.001289,0.157072
run_pcsr,100000,cit-Patents,PageRank,4,0.001348,0.156096
run_pcsr,100000,cit-Patents,PageRank,5,0.001279,0.157153
run_pcsr,100000,cit-Patents,PageRank,6,0.001336,0.156192
run_pcsr,100000,cit-Patents,PageRank,7,0.001298,0.153448
run_pcsr,100000,cit-Patents,PageRank,8,0.001311,0.15475
run_pcsr,100000,cit-Patents,PageRank,9,0.001281,0.143449
run_pcsr,100000,cit-Patents,wBFS_unweighted,0,0.001747,5.57008
run_pcsr,100000,cit-Patents,wBFS_unweighted,1,0.001194,5.553661
run_pcsr,100000,cit-Patents,wBFS_unweighted,2,0.001245,5.563639
run_pcsr,100000,cit-Patents,wBFS_unweighted,3,0.001236,5.544602
run_pcsr,100000,cit-Patents,wBFS_unweighted,4,0.001212,5.573336
run_pcsr,100000,cit-Patents,wBFS_unweighted,5,0.001205,5.550108
run_pcsr,100000,cit-Patents,wBFS_unweighted,6,0.001278,5.537633
run_pcsr,100000,cit-Patents,wBFS_unweighted,7,0.001227,5.542483
run_pcsr,100000,cit-Patents,wBFS_unweighted,8,0.001251,5.54125
run_pcsr,100000,cit-Patents,wBFS_unweighted,9,0.001239,5.514194
run_pcsr,100000,com-orkut.ungraph,BFS,0,0.001396,0.007577
run_pcsr,100000,com-orkut.ungraph,BFS,1,0.003504,0.005501
run_pcsr,100000,com-orkut.ungraph,BFS,2,0.001482,0.005759
run_pcsr,100000,com-orkut.ungraph,BFS,3,0.001546,0.00581
run_pcsr,100000,com-orkut.ungraph,BFS,4,0.00144,0.00614
run_pcsr,100000,com-orkut.ungraph,BFS,5,0.001364,0.005647
run_pcsr,100000,com-orkut.ungraph,BFS,6,0.002119,0.005631
run_pcsr,100000,com-orkut.ungraph,BFS,7,0.001703,0.005671
run_pcsr,100000,com-orkut.ungraph,BFS,8,0.001365,0.005923
run_pcsr,100000,com-orkut.ungraph,BFS,9,0.002239,0.005318
run_pcsr,100000,com-orkut.ungraph,LabelPropagation,0,0.001343,0.038993
run_pcsr,100000,com-orkut.ungraph,LabelPropagation,1,0.001273,0.039373
run_pcsr,100000,com-orkut.ungraph,LabelPropagation,2,0.001249,0.041163
run_pcsr,100000,com-orkut.ungraph,LabelPropagation,3,0.001275,0.038939
run_pcsr,100000,com-orkut.ungraph,LabelPropagation,4,0.001279,0.039037
run_pcsr,100000,com-orkut.ungraph,LabelPropagation,5,0.001236,0.040633
run_pcsr,100000,com-orkut.ungraph,LabelPropagation,6,0.001276,0.039696
run_pcsr,100000,com-orkut.ungraph,LabelPropagation,7,0.001243,0.038925
run_pcsr,100000,com-orkut.ungraph,LabelPropagation,8,0.00127,0.040117
run_pcsr,100000,com-orkut.ungraph,LabelPropagation,9,0.001265,0.039506
run_pcsr,100000,com-orkut.ungraph,PageRank,0,0.001312,0.233691
run_pcsr,100000,com-orkut.ungraph,PageRank,1,0.00165,0.227918
run_pcsr,100000,com-orkut.ungraph,PageRank,2,0.001419,0.230765
run_pcsr,100000,com-orkut.ungraph,PageRank,3,0.001586,0.234202
run_pcsr,100000,com-orkut.ungraph,PageRank,4,0.001452,0.227771
run_pcsr,100000,com-orkut.ungraph,PageRank,5,0.001383,0.230435
run_pcsr,100000,com-orkut.ungraph,PageRank,6,0.001467,0.233457
run_pcsr,100000,com-orkut.ungraph,PageRank,7,0.003512,0.228209
run_pcsr,100000,com-orkut.ungraph,PageRank,8,0.001491,0.229509
run_pcsr,100000,com-orkut.ungraph,PageRank,9,0.00144,0.212278
run_pcsr,100000,com-orkut.ungraph,wBFS_unweighted,0,0.001315,3.80015
run_pcsr,100000,com-orkut.ungraph,wBFS_unweighted,1,0.001212,3.806274
run_pcsr,100000,com-orkut.ungraph,wBFS_unweighted,2,0.001288,3.770001
run_pcsr,100000,com-orkut.ungraph,wBFS_unweighted,3,0.0012,3.763091
run_pcsr,100000,com-orkut.ungraph,wBFS_unweighted,4,0.001202,3.76857
run_pcsr,100000,com-orkut.ungraph,wBFS_unweighted,5,0.001164,3.772625
run_pcsr,100000,com-orkut.ungraph,wBFS_unweighted,6,0.001186,3.776694
run_pcsr,100000,com-orkut.ungraph,wBFS_unweighted,7,0.001189,3.775228
run_pcsr,100000,com-orkut.ungraph,wBFS_unweighted,8,0.001206,3.752623
run_pcsr,100000,com-orkut.ungraph,wBFS_unweighted,9,0.00121,3.751972
run_pcsr,100000,soc-LiveJournal1,BFS,0,0.001364,0.006163
run_pcsr,100000,soc-LiveJournal1,BFS,1,0.001265,0.006185
run_pcsr,100000,soc-LiveJournal1,BFS,2,0.001292,0.006045
run_pcsr,100000,soc-LiveJournal1,BFS,3,0.001269,0.006014
run_pcsr,100000,soc-LiveJournal1,BFS,4,0.001285,0.008339
run_pcsr,100000,soc-LiveJournal1,BFS,5,0.001879,0.006069
run_pcsr,100000,soc-LiveJournal1,BFS,6,0.001327,0.006081
run_pcsr,100000,soc-LiveJournal1,BFS,7,0.001303,0.006068
run_pcsr,100000,soc-LiveJournal1,BFS,8,0.001314,0.006044
run_pcsr,100000,soc-LiveJournal1,BFS,9,0.00129,0.006095
run_pcsr,100000,soc-LiveJournal1,LabelPropagation,0,0.001286,0.022938
run_pcsr,100000,soc-LiveJournal1,LabelPropagation,1,0.001226,0.023134
run_pcsr,100000,soc-LiveJournal1,LabelPropagation,2,0.001288,0.023204
run_pcsr,100000,soc-LiveJournal1,LabelPropagation,3,0.001257,0.02375
run_pcsr,100000,soc-LiveJournal1,LabelPropagation,4,0.001238,0.023106
run_pcsr,100000,soc-LiveJournal1,LabelPropagation,5,0.00123,0.023272
run_pcsr,100000,soc-LiveJournal1,LabelPropagation,6,0.00124,0.022872
run_pcsr,100000,soc-LiveJournal1,LabelPropagation,7,0.001257,0.023274
run_pcsr,100000,soc-LiveJournal1,LabelPropagation,8,0.001279,0.024022
run_pcsr,100000,soc-LiveJournal1,LabelPropagation,9,0.001261,0.022845
run_pcsr,100000,soc-LiveJournal1,PageRank,0,0.002095,0.164608
run_pcsr,100000,soc-LiveJournal1,PageRank,1,0.001481,0.150087
run_pcsr,100000,soc-LiveJournal1,PageRank,2,0.00134,0.153569
run_pcsr,100000,soc-LiveJournal1,PageRank,3,0.001311,0.151999
run_pcsr,100000,soc-LiveJournal1,PageRank,4,0.001302,0.151158
run_pcsr,100000,soc-LiveJournal1,PageRank,5,0.00127,0.149732
run_pcsr,100000,soc-LiveJournal1,PageRank,6,0.001279,0.153131
run_pcsr,100000,soc-LiveJournal1,PageRank,7,0.001304,0.152008
run_pcsr,100000,soc-LiveJournal1,PageRank,8,0.001464,0.1499
run_pcsr,100000,soc-LiveJournal1,PageRank,9,0.001434,0.15706
run_pcsr,100000,soc-LiveJournal1,wBFS_unweighted,0,0.001304,5.596897
run_pcsr,100000,soc-LiveJournal1,wBFS_unweighted,1,0.001211,5.509984
run_pcsr,100000,soc-LiveJournal1,wBFS_unweighted,2,0.001165,5.541368
run_pcsr,100000,soc-LiveJournal1,wBFS_unweighted,3,0.001152,5.498343
run_pcsr,100000,soc-LiveJournal1,wBFS_unweighted,4,0.001129,5.490654
run_pcsr,100000,soc-LiveJournal1,wBFS_unweighted,5,0.001125,5.501767
run_pcsr,100000,soc-LiveJournal1,wBFS_unweighted,6,0.00115,5.511833
run_pcsr,100000,soc-LiveJournal1,wBFS_unweighted,7,0.001156,5.523325
run_pcsr,100000,soc-LiveJournal1,wBFS_unweighted,8,0.001262,5.623357
run_pcsr,100000,soc-LiveJournal1,wBFS_unweighted,9,0.001169,5.598187
run_pcsr,100000,twitter-unique-undir,BFS,0,0.002557,0.038133
run_pcsr,100000,twitter-unique-undir,BFS,1,0.001801,0.037885
run_pcsr,100000,twitter-unique-undir,BFS,2,0.001815,0.039559
run_pcsr,100000,twitter-unique-undir,BFS,3,0.001816,0.036317
run_pcsr,100000,twitter-unique-undir,BFS,4,0.001812,0.0378
run_pcsr,100000,twitter-unique-undir,BFS,5,0.001791,0.037001
run_pcsr,100000,twitter-unique-undir,BFS,6,0.001814,0.036728
run_pcsr,100000,twitter-unique-undir,BFS,7,0.003203,0.036825
run_pcsr,100000,twitter-unique-undir,BFS,8,0.00185,0.038332
run_pcsr,100000,twitter-unique-undir,BFS,9,0.001772,0.038227
run_pcsr,100000,twitter-unique-undir,LabelPropagation,0,0.002086,0.937833
run_pcsr,100000,twitter-unique-undir,LabelPropagation,1,0.002228,0.928409
run_pcsr,100000,twitter-unique-undir,LabelPropagation,2,0.002222,0.929623
run_pcsr,100000,twitter-unique-undir,LabelPropagation,3,0.002603,0.955063
run_pcsr,100000,twitter-unique-undir,LabelPropagation,4,0.002247,0.910169
run_pcsr,100000,twitter-unique-undir,LabelPropagation,5,0.0022,0.914473
run_pcsr,100000,twitter-unique-undir,LabelPropagation,6,0.002214,0.910672
run_pcsr,100000,twitter-unique-undir,LabelPropagation,7,0.002187,0.943704
run_pcsr,100000,twitter-unique-undir,LabelPropagation,8,0.002229,0.950132
run_pcsr,100000,twitter-unique-undir,LabelPropagation,9,0.002217,0.923341
run_pcsr,100000,twitter-unique-undir,PageRank,0,0.001756,8.278059
run_pcsr,100000,twitter-unique-undir,PageRank,1,0.003532,8.142746
run_pcsr,100000,twitter-unique-undir,PageRank,2,0.002126,8.010486
run_pcsr,100000,twitter-unique-undir,PageRank,3,0.003182,8.779318
run_pcsr,100000,twitter-unique-undir,PageRank,4,0.004449,7.332964
run_pcsr,100000,twitter-unique-undir,PageRank,5,0.004135,7.14276
run_pcsr,100000,twitter-unique-undir,PageRank,6,0.003002,7.001962
run_pcsr,100000,twitter-unique-undir,PageRank,7,0.002208,6.920043
run_pcsr,100000,twitter-unique-undir,PageRank,8,0.002142,6.911733
run_pcsr,100000,twitter-unique-undir,PageRank,9,0.001958,6.916715
run_pcsr,100000,twitter-unique-undir,wBFS_unweighted,0,0.002125,34.346955
run_pcsr,100000,twitter-unique-undir,wBFS_unweighted,1,0.002752,38.340775
run_pcsr,100000,twitter-unique-undir,wBFS_unweighted,2,0.003085,38.948289
run_pcsr,100000,twitter-unique-undir,wBFS_unweighted,3,0.003879,38.360534
run_pcsr,100000,twitter-unique-undir,wBFS_unweighted,4,0.002971,37.482811
run_pcsr,100000,twitter-unique-undir,wBFS_unweighted,5,0.003715,38.16091
run_pcsr,100000,twitter-unique-undir,wBFS_unweighted,6,0.003926,38.277586
run_pcsr,100000,twitter-unique-undir,wBFS_unweighted,7,0.003506,37.75976
run_pcsr,100000,twitter-unique-undir,wBFS_unweighted,8,0.002921,38.010176
run_pcsr,100000,twitter-unique-undir,wBFS_unweighted,9,0.00296,38.136758
run_pcsr,1000000,cit-Patents,BFS,0,0.006624,0.010171
run_pcsr,1000000,cit-Patents,BFS,1,0.007958,0.01136
run_pcsr,1000000,cit-Patents,BFS,2,0.021989,0.009407
run_pcsr,1000000,cit-Patents,BFS,3,0.007767,0.011646
run_pcsr,1000000,cit-Patents,BFS,4,0.007457,0.010379
run_pcsr,1000000,cit-Patents,BFS,5,0.007562,0.01062
run_pcsr,1000000,cit-Patents,BFS,6,0.008791,0.009638
run_pcsr,1000000,cit-Patents,BFS,7,0.013334,0.009548
run_pcsr,1000000,cit-Patents,BFS,8,0.023631,0.008962
run_pcsr,1000000,cit-Patents,BFS,9,0.00765,0.011374
run_pcsr,1000000,cit-Patents,LabelPropagation,0,0.007072,0.022645
run_pcsr,1000000,cit-Patents,LabelPropagation,1,0.009295,0.024049
run_pcsr,1000000,cit-Patents,LabelPropagation,2,0.020762,0.023021
run_pcsr,1000000,cit-Patents,LabelPropagation,3,0.007511,0.022498
run_pcsr,1000000,cit-Patents,LabelPropagation,4,0.007012,0.022394
run_pcsr,1000000,cit-Patents,LabelPropagation,5,0.007216,0.022674
run_pcsr,1000000,cit-Patents,LabelPropagation,6,0.008379,0.022423
run_pcsr,1000000,cit-Patents,LabelPropagation,7,0.011985,0.022625
run_pcsr,1000000,cit-Patents,LabelPropagation,8,0.02366,0.024837
run_pcsr,1000000,cit-Patents,LabelPropagation,9,0.007246,0.024223
run_pcsr,1000000,cit-Patents,PageRank,0,0.007269,0.144378
run_pcsr,1000000,cit-Patents,PageRank,1,0.00785,0.142669
run_pcsr,1000000,cit-Patents,PageRank,2,0.019408,0.144939
run_pcsr,1000000,cit-Patents,PageRank,3,0.007013,0.14829
run_pcsr,1000000,cit-Patents,PageRank,4,0.00698,0.149772
run_pcsr,1000000,cit-Patents,PageRank,5,0.007224,0.1466
run_pcsr,1000000,cit-Patents,PageRank,6,0.008278,0.146602
run_pcsr,1000000,cit-Patents,PageRank,7,0.013461,0.147504
run_pcsr,1000000,cit-Patents,PageRank,8,0.025334,0.157232
run_pcsr,1000000,cit-Patents,PageRank,9,0.00727,0.140659
run_pcsr,1000000,cit-Patents,wBFS_unweighted,0,0.006726,6.119648
run_pcsr,1000000,cit-Patents,wBFS_unweighted,1,0.007423,6.037254
run_pcsr,1000000,cit-Patents,wBFS_unweighted,2,0.018864,5.974649
run_pcsr,1000000,cit-Patents,wBFS_unweighted,3,0.006635,5.922127
run_pcsr,1000000,cit-Patents,wBFS_unweighted,4,0.006529,5.844673
run_pcsr,1000000,cit-Patents,wBFS_unweighted,5,0.006746,5.813209
run_pcsr,1000000,cit-Patents,wBFS_unweighted,6,0.007854,5.857297
run_pcsr,1000000,cit-Patents,wBFS_unweighted,7,0.01191,5.813302
run_pcsr,1000000,cit-Patents,wBFS_unweighted,8,0.024149,5.769781
run_pcsr,1000000,cit-Patents,wBFS_unweighted,9,0.006733,5.683086
run_pcsr,1000000,com-orkut.ungraph,BFS,0,0.010275,0.006352
run_pcsr,1000000,com-orkut.ungraph,BFS,1,0.009449,0.006326
run_pcsr,1000000,com-orkut.ungraph,BFS,2,0.009352,0.006347
run_pcsr,1000000,com-orkut.ungraph,BFS,3,0.010096,0.006268
run_pcsr,1000000,com-orkut.ungraph,BFS,4,0.009448,0.006309
run_pcsr,1000000,com-orkut.ungraph,BFS,5,0.00936,0.006291
run_pcsr,1000000,com-orkut.ungraph,BFS,6,0.009481,0.006302
run_pcsr,1000000,com-orkut.ungraph,BFS,7,0.009484,0.006276
run_pcsr,1000000,com-orkut.ungraph,BFS,8,0.009514,0.006299
run_pcsr,1000000,com-orkut.ungraph,BFS,9,0.009513,0.005896
run_pcsr,1000000,com-orkut.ungraph,LabelPropagation,0,0.008223,0.037412
run_pcsr,1000000,com-orkut.ungraph,LabelPropagation,1,0.008101,0.036908
run_pcsr,1000000,com-orkut.ungraph,LabelPropagation,2,0.008147,0.037761
run_pcsr,1000000,com-orkut.ungraph,LabelPropagation,3,0.008778,0.037823
run_pcsr,1000000,com-orkut.ungraph,LabelPropagation,4,0.008244,0.039008
run_pcsr,1000000,com-orkut.ungraph,LabelPropagation,5,0.008019,0.037032
run_pcsr,1000000,com-orkut.ungraph,LabelPropagation,6,0.008049,0.036534
run_pcsr,1000000,com-orkut.ungraph,LabelPropagation,7,0.008075,0.036321
run_pcsr,1000000,com-orkut.ungraph,LabelPropagation,8,0.008157,0.037119
run_pcsr,1000000,com-orkut.ungraph,LabelPropagation,9,0.008098,0.036624
run_pcsr,1000000,com-orkut.ungraph,PageRank,0,0.00872,0.238337
run_pcsr,1000000,com-orkut.ungraph,PageRank,1,0.008422,0.237452
run_pcsr,1000000,com-orkut.ungraph,PageRank,2,0.008349,0.246416
run_pcsr,1000000,com-orkut.ungraph,PageRank,3,0.008709,0.243865
run_pcsr,1000000,com-orkut.ungraph,PageRank,4,0.008443,0.245022
run_pcsr,1000000,com-orkut.ungraph,PageRank,5,0.008747,0.239959
run_pcsr,1000000,com-orkut.ungraph,PageRank,6,0.008296,0.242743
run_pcsr,1000000,com-orkut.ungraph,PageRank,7,0.009204,0.237973
run_pcsr,1000000,com-orkut.ungraph,PageRank,8,0.008473,0.238109
run_pcsr,1000000,com-orkut.ungraph,PageRank,9,0.008399,0.19817
run_pcsr,1000000,com-orkut.ungraph,wBFS_unweighted,0,0.008261,3.982382
run_pcsr,1000000,com-orkut.ungraph,wBFS_unweighted,1,0.008006,3.98163
run_pcsr,1000000,com-orkut.ungraph,wBFS_unweighted,2,0.007935,3.964212
run_pcsr,1000000,com-orkut.ungraph,wBFS_unweighted,3,0.007913,4.001406
run_pcsr,1000000,com-orkut.ungraph,wBFS_unweighted,4,0.008651,3.979031
run_pcsr,1000000,com-orkut.ungraph,wBFS_unweighted,5,0.007969,4.110389
run_pcsr,1000000,com-orkut.ungraph,wBFS_unweighted,6,0.00807,4.243667
run_pcsr,1000000,com-orkut.ungraph,wBFS_unweighted,7,0.008,4.252157
run_pcsr,1000000,com-orkut.ungraph,wBFS_unweighted,8,0.007999,4.203534
run_pcsr,1000000,com-orkut.ungraph,wBFS_unweighted,9,0.008036,4.219315
run_pcsr,1000000,soc-LiveJournal1,BFS,0,0.010808,0.009225
run_pcsr,1000000,soc-LiveJournal1,BFS,1,0.008827,0.009362
run_pcsr,1000000,soc-LiveJournal1,BFS,2,0.008841,0.009726
run_pcsr,1000000,soc-LiveJournal1,BFS,3,0.00898,0.00899
run_pcsr,1000000,soc-LiveJournal1,BFS,4,0.008708,0.00872
run_pcsr,1000000,soc-LiveJournal1,BFS,5,0.009071,0.009625
run_pcsr,1000000,soc-LiveJournal1,BFS,6,0.009152,0.008807
run_pcsr,1000000,soc-LiveJournal1,BFS,7,0.00973,0.009052
run_pcsr,1000000,soc-LiveJournal1,BFS,8,0.010246,0.008755
run_pcsr,1000000,soc-LiveJournal1,BFS,9,0.011418,0.00872
run_pcsr,1000000,soc-LiveJournal1,LabelPropagation,0,0.01258,0.029798
run_pcsr,1000000,soc-LiveJournal1,LabelPropagation,1,0.008708,0.028946
run_pcsr,1000000,soc-LiveJournal1,LabelPropagation,2,0.008961,0.028474
run_pcsr,1000000,soc-LiveJournal1,LabelPropagation,3,0.008673,0.028824
run_pcsr,1000000,soc-LiveJournal1,LabelPropagation,4,0.008672,0.029229
run_pcsr,1000000,soc-LiveJournal1,LabelPropagation,5,0.008718,0.028872
run_pcsr,1000000,soc-LiveJournal1,LabelPropagation,6,0.0089,0.028781
run_pcsr,1000000,soc-LiveJournal1,LabelPropagation,7,0.00947,0.029548
run_pcsr,1000000,soc-LiveJournal1,LabelPropagation,8,0.010217,0.028583
run_pcsr,1000000,soc-LiveJournal1,LabelPropagation,9,0.011426,0.029031
run_pcsr,1000000,soc-LiveJournal1,PageRank,0,0.008744,0.227809
run_pcsr,1000000,soc-LiveJournal1,PageRank,1,0.008684,0.233099
run_pcsr,1000000,soc-LiveJournal1,PageRank,2,0.008676,0.228178
run_pcsr,1000000,soc-LiveJournal1,PageRank,3,0.008668,0.23289
run_pcsr,1000000,soc-LiveJournal1,PageRank,4,0.012127,0.230239
run_pcsr,1000000,soc-LiveJournal1,PageRank,5,0.008787,0.233971
run_pcsr,1000000,soc-LiveJournal1,PageRank,6,0.009266,0.232923
run_pcsr,1000000,soc-LiveJournal1,PageRank,7,0.009565,0.233271
run_pcsr,1000000,soc-LiveJournal1,PageRank,8,0.011537,0.230248
run_pcsr,1000000,soc-LiveJournal1,PageRank,9,0.011473,0.230926
run_pcsr,1000000,soc-LiveJournal1,wBFS_unweighted,0,0.009282,5.877197
run_pcsr,1000000,soc-LiveJournal1,wBFS_unweighted,1,0.00799,5.879495
run_pcsr,1000000,soc-LiveJournal1,wBFS_unweighted,2,0.008169,5.901192
run_pcsr,1000000,soc-LiveJournal1,wBFS_unweighted,3,0.008056,5.86956
run_pcsr,1000000,soc-LiveJournal1,wBFS_unweighted,4,0.007875,5.838747
run_pcsr,1000000,soc-LiveJournal1,wBFS_unweighted,5,0.007994,5.847923
run_pcsr,1000000,soc-LiveJournal1,wBFS_unweighted,6,0.008096,5.8633
run_pcsr,1000000,soc-LiveJournal1,wBFS_unweighted,7,0.008536,5.831893
run_pcsr,1000000,soc-LiveJournal1,wBFS_unweighted,8,0.009272,5.819057
run_pcsr,1000000,soc-LiveJournal1,wBFS_unweighted,9,0.010482,5.806233
run_pcsr,1000000,twitter-unique-undir,BFS,0,0.013082,0.039812
run_pcsr,1000000,twitter-unique-undir,BFS,1,0.013093,0.038142
run_pcsr,1000000,twitter-unique-undir,BFS,2,0.013095,0.039543
run_pcsr,1000000,twitter-unique-undir,BFS,3,0.013621,0.037874
run_pcsr,1000000,twitter-unique-undir,BFS,4,0.012861,0.041285
run_pcsr,1000000,twitter-unique-undir,BFS,5,0.013094,0.038682
run_pcsr,1000000,twitter-unique-undir,BFS,6,0.014674,0.040796
run_pcsr,1000000,twitter-unique-undir,BFS,7,0.013293,0.042251
run_pcsr,1000000,twitter-unique-undir,BFS,8,0.014956,0.040079
run_pcsr,1000000,twitter-unique-undir,BFS,9,0.013317,0.039768
run_pcsr,1000000,twitter-unique-undir,LabelPropagation,0,0.011948,0.914134
run_pcsr,1000000,twitter-unique-undir,LabelPropagation,1,0.011865,0.920268
run_pcsr,1000000,twitter-unique-undir,LabelPropagation,2,0.012146,0.928432
run_pcsr,1000000,twitter-unique-undir,LabelPropagation,3,0.012605,0.930648
run_pcsr,1000000,twitter-unique-undir,LabelPropagation,4,0.01203,0.91996
run_pcsr,1000000,twitter-unique-undir,LabelPropagation,5,0.012047,0.932946
run_pcsr,1000000,twitter-unique-undir,LabelPropagation,6,0.011941,0.938469
run_pcsr,1000000,twitter-unique-undir,LabelPropagation,7,0.012815,0.927638
run_pcsr,1000000,twitter-unique-undir,LabelPropagation,8,0.012764,0.913511
run_pcsr,1000000,twitter-unique-undir,LabelPropagation,9,0.012438,0.937601
run_pcsr,1000000,twitter-unique-undir,PageRank,0,0.017785,6.838959
run_pcsr,1000000,twitter-unique-undir,PageRank,1,0.016361,6.870315
run_pcsr,1000000,twitter-unique-undir,PageRank,2,0.020227,6.623932
run_pcsr,1000000,twitter-unique-undir,PageRank,3,0.020432,6.330834
run_pcsr,1000000,twitter-unique-undir,PageRank,4,0.020605,6.746196
run_pcsr,1000000,twitter-unique-undir,PageRank,5,0.015617,6.452992
run_pcsr,1000000,twitter-unique-undir,PageRank,6,0.018351,6.441373
run_pcsr,1000000,twitter-unique-undir,PageRank,7,0.015066,6.473902
run_pcsr,1000000,twitter-unique-undir,PageRank,8,0.027092,6.241397
run_pcsr,1000000,twitter-unique-undir,PageRank,9,0.020209,6.2155
run_pcsr,1000000,twitter-unique-undir,wBFS_unweighted,0,0.014593,30.328167
run_pcsr,1000000,twitter-unique-undir,wBFS_unweighted,1,0.013061,30.336631
run_pcsr,1000000,twitter-unique-undir,wBFS_unweighted,2,0.013929,30.195179
run_pcsr,1000000,twitter-unique-undir,wBFS_unweighted,3,0.01664,30.82451
run_pcsr,1000000,twitter-unique-undir,wBFS_unweighted,4,0.01481,32.058355
run_pcsr,1000000,twitter-unique-undir,wBFS_unweighted,5,0.016363,32.394642
run_pcsr,1000000,twitter-unique-undir,wBFS_unweighted,6,0.015606,32.038047
run_pcsr,1000000,twitter-unique-undir,wBFS_unweighted,7,0.015894,32.506525
run_pcsr,1000000,twitter-unique-undir,wBFS_unweighted,8,0.015501,34.792867
run_pcsr,1000000,twitter-unique-undir,wBFS_unweighted,9,0.014896,36.306589
