baseline,batch_size,graph,algorithm,measurement_idx,value1,value2
run_vector_cpam,1,cit-Patents,BFS,0,8e-06,0.008268
run_vector_cpam,1,cit-Patents,BFS,1,1.1e-05,0.008124
run_vector_cpam,1,cit-Patents,BFS,2,9e-06,0.008006
run_vector_cpam,1,cit-Patents,BFS,3,1.2e-05,0.007825
run_vector_cpam,1,cit-Patents,BFS,4,8e-06,0.00789
run_vector_cpam,1,cit-Patents,BFS,5,1e-05,0.010887
run_vector_cpam,1,cit-Patents,BFS,6,1.1e-05,0.007887
run_vector_cpam,1,cit-Patents,BFS,7,1.3e-05,0.010545
run_vector_cpam,1,cit-Patents,BFS,8,1.2e-05,0.008039
run_vector_cpam,1,cit-Patents,BFS,9,1.2e-05,0.008111
run_vector_cpam,1,cit-Patents,LabelPropagation,0,8e-06,0.0217
run_vector_cpam,1,cit-Patents,LabelPropagation,1,1.2e-05,0.023126
run_vector_cpam,1,cit-Patents,LabelPropagation,2,1e-05,0.021691
run_vector_cpam,1,cit-Patents,LabelPropagation,3,1.2e-05,0.021915
run_vector_cpam,1,cit-Patents,LabelPropagation,4,1e-05,0.021307
run_vector_cpam,1,cit-Patents,LabelPropagation,5,1.1e-05,0.021373
run_vector_cpam,1,cit-Patents,LabelPropagation,6,1.1e-05,0.021349
run_vector_cpam,1,cit-Patents,LabelPropagation,7,1.2e-05,0.02139
run_vector_cpam,1,cit-Patents,LabelPropagation,8,1.1e-05,0.021165
run_vector_cpam,1,cit-Patents,LabelPropagation,9,1.1e-05,0.021021
run_vector_cpam,1,cit-Patents,PageRank,0,8e-06,0.153941
run_vector_cpam,1,cit-Patents,PageRank,1,1.5e-05,0.151909
run_vector_cpam,1,cit-Patents,PageRank,2,1.1e-05,0.131418
run_vector_cpam,1,cit-Patents,PageRank,3,1.5e-05,0.129681
run_vector_cpam,1,cit-Patents,PageRank,4,1.1e-05,0.137185
run_vector_cpam,1,cit-Patents,PageRank,5,1.2e-05,0.149635
run_vector_cpam,1,cit-Patents,PageRank,6,2.1e-05,0.137773
run_vector_cpam,1,cit-Patents,PageRank,7,1.4e-05,0.146511
run_vector_cpam,1,cit-Patents,PageRank,8,1.2e-05,0.152643
run_vector_cpam,1,cit-Patents,PageRank,9,1.2e-05,0.139974
run_vector_cpam,1,cit-Patents,wBFS_unweighted,0,8e-06,4.713581
run_vector_cpam,1,cit-Patents,wBFS_unweighted,1,1.4e-05,4.683243
run_vector_cpam,1,cit-Patents,wBFS_unweighted,2,1e-05,4.683779
run_vector_cpam,1,cit-Patents,wBFS_unweighted,3,1.3e-05,4.671899
run_vector_cpam,1,cit-Patents,wBFS_unweighted,4,1e-05,4.668312
run_vector_cpam,1,cit-Patents,wBFS_unweighted,5,1.4e-05,4.670461
run_vector_cpam,1,cit-Patents,wBFS_unweighted,6,1.2e-05,4.675113
run_vector_cpam,1,cit-Patents,wBFS_unweighted,7,1.3e-05,4.665147
run_vector_cpam,1,cit-Patents,wBFS_unweighted,8,1.4e-05,4.677731
run_vector_cpam,1,cit-Patents,wBFS_unweighted,9,1.3e-05,4.691574
run_vector_cpam,1,com-friendster,BFS,0,3.4e-05,2.293322
run_vector_cpam,1,com-friendster,BFS,1,2.6e-05,1.509156
run_vector_cpam,1,com-friendster,BFS,2,2.3e-05,1.552054
run_vector_cpam,1,com-friendster,BFS,3,1.7e-05,1.521462
run_vector_cpam,1,com-friendster,BFS,4,1.3e-05,1.509597
run_vector_cpam,1,com-friendster,BFS,5,1.8e-05,1.499645
run_vector_cpam,1,com-friendster,BFS,6,1.1e-05,1.481995
run_vector_cpam,1,com-friendster,BFS,7,1.5e-05,1.464933
run_vector_cpam,1,com-friendster,BFS,8,1.3e-05,1.458272
run_vector_cpam,1,com-friendster,BFS,9,1.1e-05,1.4463
run_vector_cpam,1,com-friendster,LabelPropagation,0,1.7e-05,4.642529
run_vector_cpam,1,com-friendster,LabelPropagation,1,2.4e-05,4.417045
run_vector_cpam,1,com-friendster,LabelPropagation,2,2.4e-05,4.564649
run_vector_cpam,1,com-friendster,LabelPropagation,3,1.8e-05,4.419333
run_vector_cpam,1,com-friendster,LabelPropagation,4,1.5e-05,4.568263
run_vector_cpam,1,com-friendster,LabelPropagation,5,1.6e-05,4.666918
run_vector_cpam,1,com-friendster,LabelPropagation,6,1.3e-05,5.118828
run_vector_cpam,1,com-friendster,LabelPropagation,7,1.7e-05,5.070691
run_vector_cpam,1,com-friendster,LabelPropagation,8,1.3e-05,5.019983
run_vector_cpam,1,com-friendster,LabelPropagation,9,1.3e-05,5.390417
run_vector_cpam,1,com-friendster,PageRank,0,1.4e-05,21.970179
run_vector_cpam,1,com-friendster,PageRank,1,2.9e-05,19.840786
run_vector_cpam,1,com-friendster,PageRank,2,3e-05,19.921703
run_vector_cpam,1,com-friendster,PageRank,3,2.1e-05,19.999445
run_vector_cpam,1,com-friendster,PageRank,4,1.7e-05,29.467365
run_vector_cpam,1,com-friendster,PageRank,5,2.1e-05,27.970592
run_vector_cpam,1,com-friendster,PageRank,6,1.8e-05,24.20021
run_vector_cpam,1,com-friendster,PageRank,7,2e-05,28.780849
run_vector_cpam,1,com-friendster,PageRank,8,1.7e-05,33.013724
run_vector_cpam,1,com-friendster,PageRank,9,1.6e-05,36.779938
run_vector_cpam,1,com-friendster,wBFS_unweighted,0,1.1e-05,54.75253
run_vector_cpam,1,com-friendster,wBFS_unweighted,1,2.4e-05,59.840191
run_vector_cpam,1,com-friendster,wBFS_unweighted,2,2.3e-05,82.925135
run_vector_cpam,1,com-friendster,wBFS_unweighted,3,1.6e-05,76.845282
run_vector_cpam,1,com-friendster,wBFS_unweighted,4,1.3e-05,75.462615
run_vector_cpam,1,com-friendster,wBFS_unweighted,5,1.7e-05,72.851878
run_vector_cpam,1,com-friendster,wBFS_unweighted,6,1.2e-05,74.410231
run_vector_cpam,1,com-friendster,wBFS_unweighted,7,1.5e-05,73.904967
run_vector_cpam,1,com-friendster,wBFS_unweighted,8,1.4e-05,77.344801
run_vector_cpam,1,com-friendster,wBFS_unweighted,9,1.1e-05,71.709936
run_vector_cpam,1,com-orkut.ungraph,BFS,0,6e-06,0.005101
run_vector_cpam,1,com-orkut.ungraph,BFS,1,7e-06,0.004706
run_vector_cpam,1,com-orkut.ungraph,BFS,2,9e-06,0.004629
run_vector_cpam,1,com-orkut.ungraph,BFS,3,8e-06,0.004906
run_vector_cpam,1,com-orkut.ungraph,BFS,4,1e-05,0.004658
run_vector_cpam,1,com-orkut.ungraph,BFS,5,9e-06,0.00466
run_vector_cpam,1,com-orkut.ungraph,BFS,6,7e-06,0.004665
run_vector_cpam,1,com-orkut.ungraph,BFS,7,1e-05,0.004615
run_vector_cpam,1,com-orkut.ungraph,BFS,8,9e-06,0.006377
run_vector_cpam,1,com-orkut.ungraph,BFS,9,2.2e-05,0.00611
run_vector_cpam,1,com-orkut.ungraph,LabelPropagation,0,5e-06,0.037829
run_vector_cpam,1,com-orkut.ungraph,LabelPropagation,1,1e-05,0.037418
run_vector_cpam,1,com-orkut.ungraph,LabelPropagation,2,1.2e-05,0.037701
run_vector_cpam,1,com-orkut.ungraph,LabelPropagation,3,1.2e-05,0.037517
run_vector_cpam,1,com-orkut.ungraph,LabelPropagation,4,1.3e-05,0.037634
run_vector_cpam,1,com-orkut.ungraph,LabelPropagation,5,1.3e-05,0.037379
run_vector_cpam,1,com-orkut.ungraph,LabelPropagation,6,1e-05,0.037772
run_vector_cpam,1,com-orkut.ungraph,LabelPropagation,7,1.4e-05,0.037998
run_vector_cpam,1,com-orkut.ungraph,LabelPropagation,8,1.2e-05,0.038422
run_vector_cpam,1,com-orkut.ungraph,LabelPropagation,9,2.4e-05,0.037992
run_vector_cpam,1,com-orkut.ungraph,PageRank,0,5e-06,0.22476
run_vector_cpam,1,com-orkut.ungraph,PageRank,1,1.1e-05,0.224651
run_vector_cpam,1,com-orkut.ungraph,PageRank,2,1.3e-05,0.227757
run_vector_cpam,1,com-orkut.ungraph,PageRank,3,1.2e-05,0.217441
run_vector_cpam,1,com-orkut.ungraph,PageRank,4,1.5e-05,0.222163
run_vector_cpam,1,com-orkut.ungraph,PageRank,5,1.3e-05,0.228464
run_vector_cpam,1,com-orkut.ungraph,PageRank,6,1e-05,0.221057
run_vector_cpam,1,com-orkut.ungraph,PageRank,7,1.6e-05,0.21943
run_vector_cpam,1,com-orkut.ungraph,PageRank,8,1.3e-05,0.22543
run_vector_cpam,1,com-orkut.ungraph,PageRank,9,2.2e-05,0.223124
run_vector_cpam,1,com-orkut.ungraph,wBFS_unweighted,0,6e-06,3.131007
run_vector_cpam,1,com-orkut.ungraph,wBFS_unweighted,1,1e-05,3.11313
run_vector_cpam,1,com-orkut.ungraph,wBFS_unweighted,2,1.3e-05,3.196999
run_vector_cpam,1,com-orkut.ungraph,wBFS_unweighted,3,1.4e-05,3.140842
run_vector_cpam,1,com-orkut.ungraph,wBFS_unweighted,4,1.5e-05,3.161521
run_vector_cpam,1,com-orkut.ungraph,wBFS_unweighted,5,1.2e-05,3.121446
run_vector_cpam,1,com-orkut.ungraph,wBFS_unweighted,6,1.4e-05,3.211593
run_vector_cpam,1,com-orkut.ungraph,wBFS_unweighted,7,1.5e-05,3.13577
run_vector_cpam,1,com-orkut.ungraph,wBFS_unweighted,8,1.6e-05,3.121589
run_vector_cpam,1,com-orkut.ungraph,wBFS_unweighted,9,3e-05,3.108956
run_vector_cpam,1,soc-LiveJournal1,BFS,0,6e-06,0.007914
run_vector_cpam,1,soc-LiveJournal1,BFS,1,8e-06,0.006429
run_vector_cpam,1,soc-LiveJournal1,BFS,2,1.1e-05,0.006446
run_vector_cpam,1,soc-LiveJournal1,BFS,3,9e-06,0.006476
run_vector_cpam,1,soc-LiveJournal1,BFS,4,7e-06,0.006436
run_vector_cpam,1,soc-LiveJournal1,BFS,5,1.1e-05,0.007535
run_vector_cpam,1,soc-LiveJournal1,BFS,6,8e-06,0.006229
run_vector_cpam,1,soc-LiveJournal1,BFS,7,1.2e-05,0.00638
run_vector_cpam,1,soc-LiveJournal1,BFS,8,8e-06,0.006475
run_vector_cpam,1,soc-LiveJournal1,BFS,9,9e-06,0.006429
run_vector_cpam,1,soc-LiveJournal1,LabelPropagation,0,6e-06,0.024515
run_vector_cpam,1,soc-LiveJournal1,LabelPropagation,1,1.2e-05,0.024333
run_vector_cpam,1,soc-LiveJournal1,LabelPropagation,2,1.5e-05,0.023345
run_vector_cpam,1,soc-LiveJournal1,LabelPropagation,3,1e-05,0.023997
run_vector_cpam,1,soc-LiveJournal1,LabelPropagation,4,8e-06,0.024112
run_vector_cpam,1,soc-LiveJournal1,LabelPropagation,5,1.6e-05,0.024213
run_vector_cpam,1,soc-LiveJournal1,LabelPropagation,6,1e-05,0.024092
run_vector_cpam,1,soc-LiveJournal1,LabelPropagation,7,1.5e-05,0.024735
run_vector_cpam,1,soc-LiveJournal1,LabelPropagation,8,1.1e-05,0.024508
run_vector_cpam,1,soc-LiveJournal1,LabelPropagation,9,1.2e-05,0.024977
run_vector_cpam,1,soc-LiveJournal1,PageRank,0,5e-06,0.180459
run_vector_cpam,1,soc-LiveJournal1,PageRank,1,1.3e-05,0.17497
run_vector_cpam,1,soc-LiveJournal1,PageRank,2,1.6e-05,0.180231
run_vector_cpam,1,soc-LiveJournal1,PageRank,3,1.2e-05,0.180841
run_vector_cpam,1,soc-LiveJournal1,PageRank,4,9e-06,0.181473
run_vector_cpam,1,soc-LiveJournal1,PageRank,5,1.6e-05,0.181576
run_vector_cpam,1,soc-LiveJournal1,PageRank,6,1.3e-05,0.179665
run_vector_cpam,1,soc-LiveJournal1,PageRank,7,1.7e-05,0.177145
run_vector_cpam,1,soc-LiveJournal1,PageRank,8,1.2e-05,0.18647
run_vector_cpam,1,soc-LiveJournal1,PageRank,9,1.5e-05,0.180707
run_vector_cpam,1,soc-LiveJournal1,wBFS_unweighted,0,6e-06,4.868703
run_vector_cpam,1,soc-LiveJournal1,wBFS_unweighted,1,1.2e-05,4.783345
run_vector_cpam,1,soc-LiveJournal1,wBFS_unweighted,2,1.7e-05,4.884658
run_vector_cpam,1,soc-LiveJournal1,wBFS_unweighted,3,1.3e-05,4.814592
run_vector_cpam,1,soc-LiveJournal1,wBFS_unweighted,4,9e-06,4.834854
run_vector_cpam,1,soc-LiveJournal1,wBFS_unweighted,5,1.9e-05,4.772082
run_vector_cpam,1,soc-LiveJournal1,wBFS_unweighted,6,1e-05,4.784878
run_vector_cpam,1,soc-LiveJournal1,wBFS_unweighted,7,1.8e-05,4.812059
run_vector_cpam,1,soc-LiveJournal1,wBFS_unweighted,8,1.3e-05,4.811576
run_vector_cpam,1,soc-LiveJournal1,wBFS_unweighted,9,1.1e-05,4.792457
run_vector_cpam,1,twitter-unique-undir,BFS,0,5.5e-05,0.036026
run_vector_cpam,1,twitter-unique-undir,BFS,1,2.4e-05,0.035215
run_vector_cpam,1,twitter-unique-undir,BFS,2,1e-05,0.03598
run_vector_cpam,1,twitter-unique-undir,BFS,3,1.9e-05,0.03561
run_vector_cpam,1,twitter-unique-undir,BFS,4,1.7e-05,0.035896
run_vector_cpam,1,twitter-unique-undir,BFS,5,1.4e-05,0.035626
run_vector_cpam,1,twitter-unique-undir,BFS,6,1.7e-05,0.036072
run_vector_cpam,1,twitter-unique-undir,BFS,7,1.2e-05,0.035525
run_vector_cpam,1,twitter-unique-undir,BFS,8,1.5e-05,0.035591
run_vector_cpam,1,twitter-unique-undir,BFS,9,1.2e-05,0.035617
run_vector_cpam,1,twitter-unique-undir,LabelPropagation,0,4.3e-05,1.629794
run_vector_cpam,1,twitter-unique-undir,LabelPropagation,1,2.5e-05,1.638922
run_vector_cpam,1,twitter-unique-undir,LabelPropagation,2,1.2e-05,1.616985
run_vector_cpam,1,twitter-unique-undir,LabelPropagation,3,2.1e-05,1.629032
run_vector_cpam,1,twitter-unique-undir,LabelPropagation,4,2e-05,1.617409
run_vector_cpam,1,twitter-unique-undir,LabelPropagation,5,1.8e-05,1.610423
run_vector_cpam,1,twitter-unique-undir,LabelPropagation,6,2.1e-05,1.611332
run_vector_cpam,1,twitter-unique-undir,LabelPropagation,7,1.7e-05,1.612727
run_vector_cpam,1,twitter-unique-undir,LabelPropagation,8,1.6e-05,1.598203
run_vector_cpam,1,twitter-unique-undir,LabelPropagation,9,1.3e-05,1.607209
run_vector_cpam,1,twitter-unique-undir,PageRank,0,3.7e-05,9.071381
run_vector_cpam,1,twitter-unique-undir,PageRank,1,2.7e-05,9.49454
run_vector_cpam,1,twitter-unique-undir,PageRank,2,1.4e-05,9.65261
run_vector_cpam,1,twitter-unique-undir,PageRank,3,2.7e-05,9.461365
run_vector_cpam,1,twitter-unique-undir,PageRank,4,3.3e-05,10.22737
run_vector_cpam,1,twitter-unique-undir,PageRank,5,2.9e-05,11.209578
run_vector_cpam,1,twitter-unique-undir,PageRank,6,1.9e-05,11.166861
run_vector_cpam,1,twitter-unique-undir,PageRank,7,1.9e-05,11.204416
run_vector_cpam,1,twitter-unique-undir,PageRank,8,2.5e-05,11.097944
run_vector_cpam,1,twitter-unique-undir,PageRank,9,1.5e-05,11.296401
run_vector_cpam,1,twitter-unique-undir,wBFS_unweighted,0,3.9e-05,31.073393
run_vector_cpam,1,twitter-unique-undir,wBFS_unweighted,1,2.9e-05,30.297187
run_vector_cpam,1,twitter-unique-undir,wBFS_unweighted,2,1.2e-05,28.701527
run_vector_cpam,1,twitter-unique-undir,wBFS_unweighted,3,2.1e-05,28.828416
run_vector_cpam,1,twitter-unique-undir,wBFS_unweighted,4,1.9e-05,34.684332
run_vector_cpam,1,twitter-unique-undir,wBFS_unweighted,5,1.6e-05,36.694846
run_vector_cpam,1,twitter-unique-undir,wBFS_unweighted,6,1.7e-05,36.437456
run_vector_cpam,1,twitter-unique-undir,wBFS_unweighted,7,1.5e-05,30.19793
run_vector_cpam,1,twitter-unique-undir,wBFS_unweighted,8,1.6e-05,32.40403
run_vector_cpam,1,twitter-unique-undir,wBFS_unweighted,9,1.3e-05,34.835533
run_vector_cpam,10,cit-Patents,BFS,0,2.1e-05,0.008304
run_vector_cpam,10,cit-Patents,BFS,1,2.7e-05,0.007779
run_vector_cpam,10,cit-Patents,BFS,2,2.5e-05,0.007788
run_vector_cpam,10,cit-Patents,BFS,3,2.9e-05,0.00787
run_vector_cpam,10,cit-Patents,BFS,4,2.7e-05,0.010537
run_vector_cpam,10,cit-Patents,BFS,5,2.7e-05,0.007691
run_vector_cpam,10,cit-Patents,BFS,6,2.8e-05,0.010987
run_vector_cpam,10,cit-Patents,BFS,7,3.3e-05,0.007959
run_vector_cpam,10,cit-Patents,BFS,8,3e-05,0.007762
run_vector_cpam,10,cit-Patents,BFS,9,3e-05,0.007774
run_vector_cpam,10,cit-Patents,LabelPropagation,0,2.4e-05,0.02243
run_vector_cpam,10,cit-Patents,LabelPropagation,1,2.9e-05,0.021712
run_vector_cpam,10,cit-Patents,LabelPropagation,2,2.4e-05,0.021655
run_vector_cpam,10,cit-Patents,LabelPropagation,3,3.1e-05,0.021374
run_vector_cpam,10,cit-Patents,LabelPropagation,4,2.7e-05,0.021105
run_vector_cpam,10,cit-Patents,LabelPropagation,5,2.7e-05,0.021178
run_vector_cpam,10,cit-Patents,LabelPropagation,6,2.8e-05,0.022083
run_vector_cpam,10,cit-Patents,LabelPropagation,7,2.7e-05,0.021677
run_vector_cpam,10,cit-Patents,LabelPropagation,8,2.8e-05,0.021213
run_vector_cpam,10,cit-Patents,LabelPropagation,9,2.7e-05,0.021124
run_vector_cpam,10,cit-Patents,PageRank,0,1.9e-05,0.164404
run_vector_cpam,10,cit-Patents,PageRank,1,4e-05,0.160492
run_vector_cpam,10,cit-Patents,PageRank,2,3.9e-05,0.157797
run_vector_cpam,10,cit-Patents,PageRank,3,4.6e-05,0.161751
run_vector_cpam,10,cit-Patents,PageRank,4,3.9e-05,0.165327
run_vector_cpam,10,cit-Patents,PageRank,5,4.6e-05,0.165154
run_vector_cpam,10,cit-Patents,PageRank,6,0.000204,0.166479
run_vector_cpam,10,cit-Patents,PageRank,7,7.8e-05,0.156975
run_vector_cpam,10,cit-Patents,PageRank,8,7.5e-05,0.156143
run_vector_cpam,10,cit-Patents,PageRank,9,4e-05,0.156195
run_vector_cpam,10,cit-Patents,wBFS_unweighted,0,2.5e-05,4.683973
run_vector_cpam,10,cit-Patents,wBFS_unweighted,1,6.3e-05,4.637086
run_vector_cpam,10,cit-Patents,wBFS_unweighted,2,3.6e-05,4.63682
run_vector_cpam,10,cit-Patents,wBFS_unweighted,3,5.5e-05,4.646736
run_vector_cpam,10,cit-Patents,wBFS_unweighted,4,6.3e-05,4.658135
run_vector_cpam,10,cit-Patents,wBFS_unweighted,5,4e-05,4.639829
run_vector_cpam,10,cit-Patents,wBFS_unweighted,6,5.3e-05,4.639597
run_vector_cpam,10,cit-Patents,wBFS_unweighted,7,6.6e-05,4.628744
run_vector_cpam,10,cit-Patents,wBFS_unweighted,8,5.4e-05,4.634659
run_vector_cpam,10,cit-Patents,wBFS_unweighted,9,3.7e-05,4.659004
run_vector_cpam,10,com-friendster,BFS,0,4.6e-05,2.054343
run_vector_cpam,10,com-friendster,BFS,1,4.3e-05,1.396158
run_vector_cpam,10,com-friendster,BFS,2,4.5e-05,1.386208
run_vector_cpam,10,com-friendster,BFS,3,4.6e-05,1.377024
run_vector_cpam,10,com-friendster,BFS,4,9.3e-05,1.342953
run_vector_cpam,10,com-friendster,BFS,5,4.5e-05,1.35263
run_vector_cpam,10,com-friendster,BFS,6,4.5e-05,1.398816
run_vector_cpam,10,com-friendster,BFS,7,4.5e-05,1.421519
run_vector_cpam,10,com-friendster,BFS,8,4.2e-05,1.429014
run_vector_cpam,10,com-friendster,BFS,9,4.8e-05,1.435548
run_vector_cpam,10,com-friendster,LabelPropagation,0,2.9e-05,6.464863
run_vector_cpam,10,com-friendster,LabelPropagation,1,4.9e-05,8.16724
run_vector_cpam,10,com-friendster,LabelPropagation,2,4.9e-05,9.628305
run_vector_cpam,10,com-friendster,LabelPropagation,3,4e-05,9.504688
run_vector_cpam,10,com-friendster,LabelPropagation,4,4e-05,8.72759
run_vector_cpam,10,com-friendster,LabelPropagation,5,4.2e-05,8.63926
run_vector_cpam,10,com-friendster,LabelPropagation,6,4.8e-05,8.845462
run_vector_cpam,10,com-friendster,LabelPropagation,7,4.9e-05,9.855329
run_vector_cpam,10,com-friendster,LabelPropagation,8,3.9e-05,9.927994
run_vector_cpam,10,com-friendster,LabelPropagation,9,4.1e-05,10.99364
run_vector_cpam,10,com-friendster,PageRank,0,3e-05,27.44379
run_vector_cpam,10,com-friendster,PageRank,1,5.8e-05,28.959724
run_vector_cpam,10,com-friendster,PageRank,2,0.00031,32.346059
run_vector_cpam,10,com-friendster,PageRank,3,5.3e-05,33.418884
run_vector_cpam,10,com-friendster,PageRank,4,8.3e-05,33.574501
run_vector_cpam,10,com-friendster,PageRank,5,5.1e-05,23.801891
run_vector_cpam,10,com-friendster,PageRank,6,6e-05,29.453288
run_vector_cpam,10,com-friendster,PageRank,7,5.7e-05,34.238501
run_vector_cpam,10,com-friendster,PageRank,8,4.6e-05,38.078206
run_vector_cpam,10,com-friendster,PageRank,9,5.6e-05,36.521493
run_vector_cpam,10,com-friendster,wBFS_unweighted,0,3.2e-05,62.091498
run_vector_cpam,10,com-friendster,wBFS_unweighted,1,4e-05,80.569296
run_vector_cpam,10,com-friendster,wBFS_unweighted,2,4.6e-05,75.285882
run_vector_cpam,10,com-friendster,wBFS_unweighted,3,8.7e-05,70.273513
run_vector_cpam,10,com-friendster,wBFS_unweighted,4,3.8e-05,76.926167
run_vector_cpam,10,com-friendster,wBFS_unweighted,5,4.1e-05,86.611301
run_vector_cpam,10,com-friendster,wBFS_unweighted,6,4.5e-05,79.768358
run_vector_cpam,10,com-friendster,wBFS_unweighted,7,4.3e-05,79.585022
run_vector_cpam,10,com-friendster,wBFS_unweighted,8,3.8e-05,95.530707
run_vector_cpam,10,com-friendster,wBFS_unweighted,9,4.5e-05,86.89492
run_vector_cpam,10,com-orkut.ungraph,BFS,0,2.4e-05,0.008934
run_vector_cpam,10,com-orkut.ungraph,BFS,1,2.5e-05,0.004303
run_vector_cpam,10,com-orkut.ungraph,BFS,2,2.5e-05,0.004299
run_vector_cpam,10,com-orkut.ungraph,BFS,3,2e-05,0.004164
run_vector_cpam,10,com-orkut.ungraph,BFS,4,2e-05,0.004163
run_vector_cpam,10,com-orkut.ungraph,BFS,5,3e-05,0.00411
run_vector_cpam,10,com-orkut.ungraph,BFS,6,3.7e-05,0.00415
run_vector_cpam,10,com-orkut.ungraph,BFS,7,4.4e-05,0.004163
run_vector_cpam,10,com-orkut.ungraph,BFS,8,2.5e-05,0.004152
run_vector_cpam,10,com-orkut.ungraph,BFS,9,2.8e-05,0.004185
run_vector_cpam,10,com-orkut.ungraph,LabelPropagation,0,2e-05,0.038832
run_vector_cpam,10,com-orkut.ungraph,LabelPropagation,1,4.3e-05,0.038356
run_vector_cpam,10,com-orkut.ungraph,LabelPropagation,2,5.1e-05,0.037956
run_vector_cpam,10,com-orkut.ungraph,LabelPropagation,3,3.2e-05,0.037993
run_vector_cpam,10,com-orkut.ungraph,LabelPropagation,4,3.8e-05,0.038025
run_vector_cpam,10,com-orkut.ungraph,LabelPropagation,5,4.6e-05,0.038523
run_vector_cpam,10,com-orkut.ungraph,LabelPropagation,6,5.3e-05,0.037295
run_vector_cpam,10,com-orkut.ungraph,LabelPropagation,7,5e-05,0.040183
run_vector_cpam,10,com-orkut.ungraph,LabelPropagation,8,3.7e-05,0.037834
run_vector_cpam,10,com-orkut.ungraph,LabelPropagation,9,4.9e-05,0.039006
run_vector_cpam,10,com-orkut.ungraph,PageRank,0,2e-05,0.235028
run_vector_cpam,10,com-orkut.ungraph,PageRank,1,3.1e-05,0.225976
run_vector_cpam,10,com-orkut.ungraph,PageRank,2,3.8e-05,0.233033
run_vector_cpam,10,com-orkut.ungraph,PageRank,3,3.8e-05,0.222158
run_vector_cpam,10,com-orkut.ungraph,PageRank,4,3e-05,0.233757
run_vector_cpam,10,com-orkut.ungraph,PageRank,5,4.6e-05,0.21829
run_vector_cpam,10,com-orkut.ungraph,PageRank,6,4.2e-05,0.232517
run_vector_cpam,10,com-orkut.ungraph,PageRank,7,5.3e-05,0.229735
run_vector_cpam,10,com-orkut.ungraph,PageRank,8,3.4e-05,0.214998
run_vector_cpam,10,com-orkut.ungraph,PageRank,9,4.1e-05,0.23067
run_vector_cpam,10,com-orkut.ungraph,wBFS_unweighted,0,3.1e-05,3.14754
run_vector_cpam,10,com-orkut.ungraph,wBFS_unweighted,1,5.3e-05,3.273072
run_vector_cpam,10,com-orkut.ungraph,wBFS_unweighted,2,5.9e-05,3.140097
run_vector_cpam,10,com-orkut.ungraph,wBFS_unweighted,3,3.9e-05,3.101305
run_vector_cpam,10,com-orkut.ungraph,wBFS_unweighted,4,3.5e-05,3.137132
run_vector_cpam,10,com-orkut.ungraph,wBFS_unweighted,5,4.8e-05,3.104252
run_vector_cpam,10,com-orkut.ungraph,wBFS_unweighted,6,4.9e-05,3.090547
run_vector_cpam,10,com-orkut.ungraph,wBFS_unweighted,7,7.2e-05,3.095841
run_vector_cpam,10,com-orkut.ungraph,wBFS_unweighted,8,4.4e-05,3.122486
run_vector_cpam,10,com-orkut.ungraph,wBFS_unweighted,9,5.3e-05,3.115431
run_vector_cpam,10,soc-LiveJournal1,BFS,0,2.2e-05,0.008572
run_vector_cpam,10,soc-LiveJournal1,BFS,1,2.2e-05,0.00628
run_vector_cpam,10,soc-LiveJournal1,BFS,2,3.6e-05,0.006038
run_vector_cpam,10,soc-LiveJournal1,BFS,3,2.2e-05,0.007034
run_vector_cpam,10,soc-LiveJournal1,BFS,4,2.4e-05,0.006067
run_vector_cpam,10,soc-LiveJournal1,BFS,5,3e-05,0.006207
run_vector_cpam,10,soc-LiveJournal1,BFS,6,2.3e-05,0.00611
run_vector_cpam,10,soc-LiveJournal1,BFS,7,2.3e-05,0.006146
run_vector_cpam,10,soc-LiveJournal1,BFS,8,2.7e-05,0.006021
run_vector_cpam,10,soc-LiveJournal1,BFS,9,2.3e-05,0.006201
run_vector_cpam,10,soc-LiveJournal1,LabelPropagation,0,1.9e-05,0.023925
run_vector_cpam,10,soc-LiveJournal1,LabelPropagation,1,3.1e-05,0.024207
run_vector_cpam,10,soc-LiveJournal1,LabelPropagation,2,4.5e-05,0.023824
run_vector_cpam,10,soc-LiveJournal1,LabelPropagation,3,3.4e-05,0.023835
run_vector_cpam,10,soc-LiveJournal1,LabelPropagation,4,3.4e-05,0.02398
run_vector_cpam,10,soc-LiveJournal1,LabelPropagation,5,3e-05,0.024328
run_vector_cpam,10,soc-LiveJournal1,LabelPropagation,6,3.3e-05,0.023988
run_vector_cpam,10,soc-LiveJournal1,LabelPropagation,7,3.1e-05,0.024025
run_vector_cpam,10,soc-LiveJournal1,LabelPropagation,8,3.5e-05,0.023878
run_vector_cpam,10,soc-LiveJournal1,LabelPropagation,9,3e-05,0.024207
run_vector_cpam,10,soc-LiveJournal1,PageRank,0,2.1e-05,0.182951
run_vector_cpam,10,soc-LiveJournal1,PageRank,1,4.6e-05,0.181262
run_vector_cpam,10,soc-LiveJournal1,PageRank,2,3.8e-05,0.186536
run_vector_cpam,10,soc-LiveJournal1,PageRank,3,3.4e-05,0.185263
run_vector_cpam,10,soc-LiveJournal1,PageRank,4,3.7e-05,0.182781
run_vector_cpam,10,soc-LiveJournal1,PageRank,5,4.1e-05,0.179078
run_vector_cpam,10,soc-LiveJournal1,PageRank,6,3.8e-05,0.178309
run_vector_cpam,10,soc-LiveJournal1,PageRank,7,3.4e-05,0.179781
run_vector_cpam,10,soc-LiveJournal1,PageRank,8,3.6e-05,0.181106
run_vector_cpam,10,soc-LiveJournal1,PageRank,9,3.3e-05,0.175887
run_vector_cpam,10,soc-LiveJournal1,wBFS_unweighted,0,2.1e-05,4.781722
run_vector_cpam,10,soc-LiveJournal1,wBFS_unweighted,1,5.5e-05,4.762458
run_vector_cpam,10,soc-LiveJournal1,wBFS_unweighted,2,5.3e-05,4.810832
run_vector_cpam,10,soc-LiveJournal1,wBFS_unweighted,3,3.9e-05,4.715209
run_vector_cpam,10,soc-LiveJournal1,wBFS_unweighted,4,4.3e-05,4.715728
run_vector_cpam,10,soc-LiveJournal1,wBFS_unweighted,5,6.8e-05,4.709136
run_vector_cpam,10,soc-LiveJournal1,wBFS_unweighted,6,4.8e-05,4.740085
run_vector_cpam,10,soc-LiveJournal1,wBFS_unweighted,7,8.7e-05,4.745363
run_vector_cpam,10,soc-LiveJournal1,wBFS_unweighted,8,3.9e-05,4.704505
run_vector_cpam,10,soc-LiveJournal1,wBFS_unweighted,9,3.2e-05,4.741912
run_vector_cpam,10,twitter-unique-undir,BFS,0,6.1e-05,0.038599
run_vector_cpam,10,twitter-unique-undir,BFS,1,6e-05,0.037087
run_vector_cpam,10,twitter-unique-undir,BFS,2,5.4e-05,0.037235
run_vector_cpam,10,twitter-unique-undir,BFS,3,5.4e-05,0.038326
run_vector_cpam,10,twitter-unique-undir,BFS,4,6.8e-05,0.03701
run_vector_cpam,10,twitter-unique-undir,BFS,5,5.8e-05,0.037635
run_vector_cpam,10,twitter-unique-undir,BFS,6,5.6e-05,0.037031
run_vector_cpam,10,twitter-unique-undir,BFS,7,7.1e-05,0.037055
run_vector_cpam,10,twitter-unique-undir,BFS,8,8.5e-05,0.037669
run_vector_cpam,10,twitter-unique-undir,BFS,9,6.5e-05,0.037225
run_vector_cpam,10,twitter-unique-undir,LabelPropagation,0,6.1e-05,1.225486
run_vector_cpam,10,twitter-unique-undir,LabelPropagation,1,7.1e-05,1.210694
run_vector_cpam,10,twitter-unique-undir,LabelPropagation,2,5.8e-05,1.20979
run_vector_cpam,10,twitter-unique-undir,LabelPropagation,3,6.3e-05,1.216848
run_vector_cpam,10,twitter-unique-undir,LabelPropagation,4,7.8e-05,1.21354
run_vector_cpam,10,twitter-unique-undir,LabelPropagation,5,7.4e-05,1.214708
run_vector_cpam,10,twitter-unique-undir,LabelPropagation,6,6.2e-05,1.232773
run_vector_cpam,10,twitter-unique-undir,LabelPropagation,7,6.4e-05,1.197881
run_vector_cpam,10,twitter-unique-undir,LabelPropagation,8,8.6e-05,1.210637
run_vector_cpam,10,twitter-unique-undir,LabelPropagation,9,8.1e-05,1.190764
run_vector_cpam,10,twitter-unique-undir,PageRank,0,6.3e-05,11.811344
run_vector_cpam,10,twitter-unique-undir,PageRank,1,8.4e-05,11.052079
run_vector_cpam,10,twitter-unique-undir,PageRank,2,6.8e-05,10.882589
run_vector_cpam,10,twitter-unique-undir,PageRank,3,7.8e-05,11.285499
run_vector_cpam,10,twitter-unique-undir,PageRank,4,0.000102,12.30864
run_vector_cpam,10,twitter-unique-undir,PageRank,5,7.7e-05,12.107083
run_vector_cpam,10,twitter-unique-undir,PageRank,6,7.7e-05,12.466509
run_vector_cpam,10,twitter-unique-undir,PageRank,7,9.2e-05,13.301879
run_vector_cpam,10,twitter-unique-undir,PageRank,8,0.0001,13.311451
run_vector_cpam,10,twitter-unique-undir,PageRank,9,0.000102,13.461058
run_vector_cpam,10,twitter-unique-undir,wBFS_unweighted,0,5.4e-05,26.321945
run_vector_cpam,10,twitter-unique-undir,wBFS_unweighted,1,6.4e-05,30.78393
run_vector_cpam,10,twitter-unique-undir,wBFS_unweighted,2,6.3e-05,33.499664
run_vector_cpam,10,twitter-unique-undir,wBFS_unweighted,3,6.2e-05,33.473651
run_vector_cpam,10,twitter-unique-undir,wBFS_unweighted,4,8.3e-05,33.476913
run_vector_cpam,10,twitter-unique-undir,wBFS_unweighted,5,6.5e-05,35.672089
run_vector_cpam,10,twitter-unique-undir,wBFS_unweighted,6,5.8e-05,37.048143
run_vector_cpam,10,twitter-unique-undir,wBFS_unweighted,7,7.3e-05,36.501602
run_vector_cpam,10,twitter-unique-undir,wBFS_unweighted,8,8.2e-05,33.351292
run_vector_cpam,10,twitter-unique-undir,wBFS_unweighted,9,9.2e-05,26.171494
run_vector_cpam,100,cit-Patents,BFS,0,2.6e-05,0.008288
run_vector_cpam,100,cit-Patents,BFS,1,3.4e-05,0.007838
run_vector_cpam,100,cit-Patents,BFS,2,3e-05,0.008567
run_vector_cpam,100,cit-Patents,BFS,3,3.1e-05,0.007734
run_vector_cpam,100,cit-Patents,BFS,4,3.4e-05,0.011685
run_vector_cpam,100,cit-Patents,BFS,5,3.4e-05,0.007706
run_vector_cpam,100,cit-Patents,BFS,6,3.5e-05,0.007694
run_vector_cpam,100,cit-Patents,BFS,7,3.3e-05,0.010787
run_vector_cpam,100,cit-Patents,BFS,8,4.1e-05,0.007689
run_vector_cpam,100,cit-Patents,BFS,9,4e-05,0.007664
run_vector_cpam,100,cit-Patents,LabelPropagation,0,2.5e-05,0.022832
run_vector_cpam,100,cit-Patents,LabelPropagation,1,3.9e-05,0.022201
run_vector_cpam,100,cit-Patents,LabelPropagation,2,3.1e-05,0.022617
run_vector_cpam,100,cit-Patents,LabelPropagation,3,3.2e-05,0.021695
run_vector_cpam,100,cit-Patents,LabelPropagation,4,3.5e-05,0.021614
run_vector_cpam,100,cit-Patents,LabelPropagation,5,3.4e-05,0.021784
run_vector_cpam,100,cit-Patents,LabelPropagation,6,3.4e-05,0.022132
run_vector_cpam,100,cit-Patents,LabelPropagation,7,3.2e-05,0.021391
run_vector_cpam,100,cit-Patents,LabelPropagation,8,4.6e-05,0.021437
run_vector_cpam,100,cit-Patents,LabelPropagation,9,4.5e-05,0.021033
run_vector_cpam,100,cit-Patents,PageRank,0,2.4e-05,0.159105
run_vector_cpam,100,cit-Patents,PageRank,1,4.3e-05,0.162213
run_vector_cpam,100,cit-Patents,PageRank,2,4e-05,0.163386
run_vector_cpam,100,cit-Patents,PageRank,3,5.3e-05,0.158285
run_vector_cpam,100,cit-Patents,PageRank,4,4.2e-05,0.158357
run_vector_cpam,100,cit-Patents,PageRank,5,7.8e-05,0.158636
run_vector_cpam,100,cit-Patents,PageRank,6,4.3e-05,0.155653
run_vector_cpam,100,cit-Patents,PageRank,7,4e-05,0.154097
run_vector_cpam,100,cit-Patents,PageRank,8,5e-05,0.153937
run_vector_cpam,100,cit-Patents,PageRank,9,5.6e-05,0.154221
run_vector_cpam,100,cit-Patents,wBFS_unweighted,0,2.5e-05,4.684816
run_vector_cpam,100,cit-Patents,wBFS_unweighted,1,0.000181,4.657855
run_vector_cpam,100,cit-Patents,wBFS_unweighted,2,9.4e-05,4.630291
run_vector_cpam,100,cit-Patents,wBFS_unweighted,3,0.000102,4.630189
run_vector_cpam,100,cit-Patents,wBFS_unweighted,4,0.000146,4.651837
run_vector_cpam,100,cit-Patents,wBFS_unweighted,5,0.000127,4.625858
run_vector_cpam,100,cit-Patents,wBFS_unweighted,6,6.3e-05,4.638654
run_vector_cpam,100,cit-Patents,wBFS_unweighted,7,9.3e-05,4.627428
run_vector_cpam,100,cit-Patents,wBFS_unweighted,8,8.2e-05,4.623817
run_vector_cpam,100,cit-Patents,wBFS_unweighted,9,0.000127,4.650335
run_vector_cpam,100,com-friendster,BFS,0,4.3e-05,1.832831
run_vector_cpam,100,com-friendster,BFS,1,5.4e-05,1.519883
run_vector_cpam,100,com-friendster,BFS,2,5.5e-05,1.527266
run_vector_cpam,100,com-friendster,BFS,3,5.5e-05,1.519332
run_vector_cpam,100,com-friendster,BFS,4,5.9e-05,1.515438
run_vector_cpam,100,com-friendster,BFS,5,7.1e-05,1.526066
run_vector_cpam,100,com-friendster,BFS,6,4.7e-05,1.52444
run_vector_cpam,100,com-friendster,BFS,7,4.8e-05,1.508976
run_vector_cpam,100,com-friendster,BFS,8,5.6e-05,1.493913
run_vector_cpam,100,com-friendster,BFS,9,5.3e-05,1.474835
run_vector_cpam,100,com-friendster,LabelPropagation,0,3.7e-05,4.846236
run_vector_cpam,100,com-friendster,LabelPropagation,1,5.6e-05,4.904969
run_vector_cpam,100,com-friendster,LabelPropagation,2,5.6e-05,5.021085
run_vector_cpam,100,com-friendster,LabelPropagation,3,5.1e-05,4.876272
run_vector_cpam,100,com-friendster,LabelPropagation,4,6e-05,4.971336
run_vector_cpam,100,com-friendster,LabelPropagation,5,5.2e-05,4.93673
run_vector_cpam,100,com-friendster,LabelPropagation,6,4.9e-05,5.410188
run_vector_cpam,100,com-friendster,LabelPropagation,7,5e-05,5.667634
run_vector_cpam,100,com-friendster,LabelPropagation,8,4.8e-05,5.672812
run_vector_cpam,100,com-friendster,LabelPropagation,9,5.7e-05,5.784601
run_vector_cpam,100,com-friendster,PageRank,0,4e-05,63.734417
run_vector_cpam,100,com-friendster,PageRank,1,6.8e-05,92.442464
run_vector_cpam,100,com-friendster,PageRank,2,7.7e-05,95.824815
run_vector_cpam,100,com-friendster,PageRank,3,8.2e-05,98.962786
run_vector_cpam,100,com-friendster,PageRank,4,8.7e-05,108.577459
run_vector_cpam,100,com-friendster,PageRank,5,6.7e-05,109.041443
run_vector_cpam,100,com-friendster,PageRank,6,7.3e-05,108.822016
run_vector_cpam,100,com-friendster,PageRank,7,9.8e-05,107.288885
run_vector_cpam,100,com-friendster,PageRank,8,7.1e-05,98.891122
run_vector_cpam,100,com-friendster,PageRank,9,0.00013,49.279806
run_vector_cpam,100,com-friendster,wBFS_unweighted,0,4e-05,47.966846
run_vector_cpam,100,com-friendster,wBFS_unweighted,1,5.1e-05,51.649437
run_vector_cpam,100,com-friendster,wBFS_unweighted,2,5.3e-05,56.079479
run_vector_cpam,100,com-friendster,wBFS_unweighted,3,5.2e-05,64.377763
run_vector_cpam,100,com-friendster,wBFS_unweighted,4,6.5e-05,55.265587
run_vector_cpam,100,com-friendster,wBFS_unweighted,5,4.9e-05,62.109384
run_vector_cpam,100,com-friendster,wBFS_unweighted,6,5.3e-05,68.662996
run_vector_cpam,100,com-friendster,wBFS_unweighted,7,4.9e-05,65.308366
run_vector_cpam,100,com-friendster,wBFS_unweighted,8,5.2e-05,58.937836
run_vector_cpam,100,com-friendster,wBFS_unweighted,9,5.5e-05,58.48587
run_vector_cpam,100,com-orkut.ungraph,BFS,0,4.1e-05,0.006317
run_vector_cpam,100,com-orkut.ungraph,BFS,1,4.7e-05,0.004845
run_vector_cpam,100,com-orkut.ungraph,BFS,2,4.1e-05,0.004766
run_vector_cpam,100,com-orkut.ungraph,BFS,3,3.8e-05,0.006265
run_vector_cpam,100,com-orkut.ungraph,BFS,4,3.3e-05,0.005445
run_vector_cpam,100,com-orkut.ungraph,BFS,5,3.9e-05,0.004757
run_vector_cpam,100,com-orkut.ungraph,BFS,6,3.9e-05,0.004778
run_vector_cpam,100,com-orkut.ungraph,BFS,7,3.6e-05,0.004595
run_vector_cpam,100,com-orkut.ungraph,BFS,8,3.8e-05,0.004639
run_vector_cpam,100,com-orkut.ungraph,BFS,9,3.6e-05,0.004688
run_vector_cpam,100,com-orkut.ungraph,LabelPropagation,0,3.6e-05,0.038326
run_vector_cpam,100,com-orkut.ungraph,LabelPropagation,1,4.5e-05,0.03795
run_vector_cpam,100,com-orkut.ungraph,LabelPropagation,2,5.4e-05,0.038385
run_vector_cpam,100,com-orkut.ungraph,LabelPropagation,3,4.9e-05,0.039144
run_vector_cpam,100,com-orkut.ungraph,LabelPropagation,4,4.2e-05,0.038023
run_vector_cpam,100,com-orkut.ungraph,LabelPropagation,5,4.9e-05,0.038634
run_vector_cpam,100,com-orkut.ungraph,LabelPropagation,6,5.4e-05,0.039553
run_vector_cpam,100,com-orkut.ungraph,LabelPropagation,7,5.1e-05,0.038431
run_vector_cpam,100,com-orkut.ungraph,LabelPropagation,8,5e-05,0.038585
run_vector_cpam,100,com-orkut.ungraph,LabelPropagation,9,4.6e-05,0.03799
run_vector_cpam,100,com-orkut.ungraph,PageRank,0,3.8e-05,0.229917
run_vector_cpam,100,com-orkut.ungraph,PageRank,1,6.4e-05,0.23454
run_vector_cpam,100,com-orkut.ungraph,PageRank,2,9.6e-05,0.229281
run_vector_cpam,100,com-orkut.ungraph,PageRank,3,5.4e-05,0.238206
run_vector_cpam,100,com-orkut.ungraph,PageRank,4,4.8e-05,0.236702
run_vector_cpam,100,com-orkut.ungraph,PageRank,5,5.1e-05,0.22571
run_vector_cpam,100,com-orkut.ungraph,PageRank,6,9.2e-05,0.233273
run_vector_cpam,100,com-orkut.ungraph,PageRank,7,5.3e-05,0.231444
run_vector_cpam,100,com-orkut.ungraph,PageRank,8,5.6e-05,0.236224
run_vector_cpam,100,com-orkut.ungraph,PageRank,9,4.8e-05,0.231146
run_vector_cpam,100,com-orkut.ungraph,wBFS_unweighted,0,3.9e-05,3.028913
run_vector_cpam,100,com-orkut.ungraph,wBFS_unweighted,1,7e-05,3.063403
run_vector_cpam,100,com-orkut.ungraph,wBFS_unweighted,2,7.6e-05,3.023647
run_vector_cpam,100,com-orkut.ungraph,wBFS_unweighted,3,6.9e-05,3.127757
run_vector_cpam,100,com-orkut.ungraph,wBFS_unweighted,4,8.3e-05,3.084398
run_vector_cpam,100,com-orkut.ungraph,wBFS_unweighted,5,9.7e-05,3.054171
run_vector_cpam,100,com-orkut.ungraph,wBFS_unweighted,6,9e-05,3.019719
run_vector_cpam,100,com-orkut.ungraph,wBFS_unweighted,7,5.5e-05,3.030538
run_vector_cpam,100,com-orkut.ungraph,wBFS_unweighted,8,0.000142,3.064157
run_vector_cpam,100,com-orkut.ungraph,wBFS_unweighted,9,0.000172,3.051234
run_vector_cpam,100,soc-LiveJournal1,BFS,0,3e-05,0.008731
run_vector_cpam,100,soc-LiveJournal1,BFS,1,3.8e-05,0.006124
run_vector_cpam,100,soc-LiveJournal1,BFS,2,3.7e-05,0.006113
run_vector_cpam,100,soc-LiveJournal1,BFS,3,4.8e-05,0.006176
run_vector_cpam,100,soc-LiveJournal1,BFS,4,3.8e-05,0.006924
run_vector_cpam,100,soc-LiveJournal1,BFS,5,5.2e-05,0.006177
run_vector_cpam,100,soc-LiveJournal1,BFS,6,3.6e-05,0.006292
run_vector_cpam,100,soc-LiveJournal1,BFS,7,5.3e-05,0.0062
run_vector_cpam,100,soc-LiveJournal1,BFS,8,3.2e-05,0.006135
run_vector_cpam,100,soc-LiveJournal1,BFS,9,3.2e-05,0.006171
run_vector_cpam,100,soc-LiveJournal1,LabelPropagation,0,3.1e-05,0.023815
run_vector_cpam,100,soc-LiveJournal1,LabelPropagation,1,4e-05,0.023732
run_vector_cpam,100,soc-LiveJournal1,LabelPropagation,2,4.6e-05,0.023594
run_vector_cpam,100,soc-LiveJournal1,LabelPropagation,3,4.9e-05,0.024192
run_vector_cpam,100,soc-LiveJournal1,LabelPropagation,4,5.3e-05,0.023568
run_vector_cpam,100,soc-LiveJournal1,LabelPropagation,5,5.5e-05,0.023367
run_vector_cpam,100,soc-LiveJournal1,LabelPropagation,6,4.7e-05,0.023889
run_vector_cpam,100,soc-LiveJournal1,LabelPropagation,7,6.1e-05,0.024204
run_vector_cpam,100,soc-LiveJournal1,LabelPropagation,8,3.9e-05,0.023514
run_vector_cpam,100,soc-LiveJournal1,LabelPropagation,9,9.5e-05,0.024096
run_vector_cpam,100,soc-LiveJournal1,PageRank,0,3e-05,0.176188
run_vector_cpam,100,soc-LiveJournal1,PageRank,1,4.1e-05,0.173491
run_vector_cpam,100,soc-LiveJournal1,PageRank,2,5.1e-05,0.173688
run_vector_cpam,100,soc-LiveJournal1,PageRank,3,4.3e-05,0.173819
run_vector_cpam,100,soc-LiveJournal1,PageRank,4,4.4e-05,0.174543
run_vector_cpam,100,soc-LiveJournal1,PageRank,5,5.5e-05,0.174987
run_vector_cpam,100,soc-LiveJournal1,PageRank,6,5.9e-05,0.172802
run_vector_cpam,100,soc-LiveJournal1,PageRank,7,6.2e-05,0.172659
run_vector_cpam,100,soc-LiveJournal1,PageRank,8,4.7e-05,0.170235
run_vector_cpam,100,soc-LiveJournal1,PageRank,9,4.7e-05,0.175427
run_vector_cpam,100,soc-LiveJournal1,wBFS_unweighted,0,3e-05,4.796239
run_vector_cpam,100,soc-LiveJournal1,wBFS_unweighted,1,0.000112,4.875763
run_vector_cpam,100,soc-LiveJournal1,wBFS_unweighted,2,0.000173,4.805162
run_vector_cpam,100,soc-LiveJournal1,wBFS_unweighted,3,6.6e-05,4.783424
run_vector_cpam,100,soc-LiveJournal1,wBFS_unweighted,4,4.8e-05,4.761551
run_vector_cpam,100,soc-LiveJournal1,wBFS_unweighted,5,5.4e-05,4.775041
run_vector_cpam,100,soc-LiveJournal1,wBFS_unweighted,6,5.5e-05,4.782653
run_vector_cpam,100,soc-LiveJournal1,wBFS_unweighted,7,0.000152,4.828052
run_vector_cpam,100,soc-LiveJournal1,wBFS_unweighted,8,0.000169,4.835763
run_vector_cpam,100,soc-LiveJournal1,wBFS_unweighted,9,5.8e-05,4.811783
run_vector_cpam,100,twitter-unique-undir,BFS,0,6.2e-05,0.039857
run_vector_cpam,100,twitter-unique-undir,BFS,1,7.9e-05,0.038681
run_vector_cpam,100,twitter-unique-undir,BFS,2,7.2e-05,0.039746
run_vector_cpam,100,twitter-unique-undir,BFS,3,7.4e-05,0.038242
run_vector_cpam,100,twitter-unique-undir,BFS,4,7e-05,0.038621
run_vector_cpam,100,twitter-unique-undir,BFS,5,9.4e-05,0.039294
run_vector_cpam,100,twitter-unique-undir,BFS,6,6.6e-05,0.038499
run_vector_cpam,100,twitter-unique-undir,BFS,7,8.5e-05,0.038048
run_vector_cpam,100,twitter-unique-undir,BFS,8,6.3e-05,0.038234
run_vector_cpam,100,twitter-unique-undir,BFS,9,7e-05,0.03801
run_vector_cpam,100,twitter-unique-undir,LabelPropagation,0,6.2e-05,1.09482
run_vector_cpam,100,twitter-unique-undir,LabelPropagation,1,0.000101,1.087179
run_vector_cpam,100,twitter-unique-undir,LabelPropagation,2,0.000102,1.079904
run_vector_cpam,100,twitter-unique-undir,LabelPropagation,3,0.000103,1.089297
run_vector_cpam,100,twitter-unique-undir,LabelPropagation,4,8e-05,1.115497
run_vector_cpam,100,twitter-unique-undir,LabelPropagation,5,0.000114,1.082839
run_vector_cpam,100,twitter-unique-undir,LabelPropagation,6,0.000139,1.100684
run_vector_cpam,100,twitter-unique-undir,LabelPropagation,7,9.2e-05,1.097371
run_vector_cpam,100,twitter-unique-undir,LabelPropagation,8,7.2e-05,1.092499
run_vector_cpam,100,twitter-unique-undir,LabelPropagation,9,8.4e-05,1.088617
run_vector_cpam,100,twitter-unique-undir,PageRank,0,7e-05,10.313225
run_vector_cpam,100,twitter-unique-undir,PageRank,1,8.6e-05,10.374119
run_vector_cpam,100,twitter-unique-undir,PageRank,2,0.000106,10.400184
run_vector_cpam,100,twitter-unique-undir,PageRank,3,0.000183,10.330875
run_vector_cpam,100,twitter-unique-undir,PageRank,4,8.7e-05,10.345875
run_vector_cpam,100,twitter-unique-undir,PageRank,5,0.000126,10.177232
run_vector_cpam,100,twitter-unique-undir,PageRank,6,0.000102,10.13252
run_vector_cpam,100,twitter-unique-undir,PageRank,7,0.000133,10.997042
run_vector_cpam,100,twitter-unique-undir,PageRank,8,9.2e-05,11.4285
run_vector_cpam,100,twitter-unique-undir,PageRank,9,9.5e-05,11.439168
run_vector_cpam,100,twitter-unique-undir,wBFS_unweighted,0,7.3e-05,27.117901
run_vector_cpam,100,twitter-unique-undir,wBFS_unweighted,1,0.000126,30.669264
run_vector_cpam,100,twitter-unique-undir,wBFS_unweighted,2,0.000148,30.858038
run_vector_cpam,100,twitter-unique-undir,wBFS_unweighted,3,7.8e-05,28.494788
run_vector_cpam,100,twitter-unique-undir,wBFS_unweighted,4,8.1e-05,26.133783
run_vector_cpam,100,twitter-unique-undir,wBFS_unweighted,5,0.000115,26.106046
run_vector_cpam,100,twitter-unique-undir,wBFS_unweighted,6,7.7e-05,26.041812
run_vector_cpam,100,twitter-unique-undir,wBFS_unweighted,7,9e-05,25.926271
run_vector_cpam,100,twitter-unique-undir,wBFS_unweighted,8,6.4e-05,26.062932
run_vector_cpam,100,twitter-unique-undir,wBFS_unweighted,9,7.9e-05,26.011756
run_vector_cpam,1000,cit-Patents,BFS,0,8.3e-05,0.009749
run_vector_cpam,1000,cit-Patents,BFS,1,0.000168,0.009885
run_vector_cpam,1000,cit-Patents,BFS,2,9.8e-05,0.007631
run_vector_cpam,1000,cit-Patents,BFS,3,0.000115,0.007667
run_vector_cpam,1000,cit-Patents,BFS,4,0.000102,0.007626
run_vector_cpam,1000,cit-Patents,BFS,5,9.9e-05,0.010272
run_vector_cpam,1000,cit-Patents,BFS,6,0.0001,0.00769
run_vector_cpam,1000,cit-Patents,BFS,7,0.000117,0.007727
run_vector_cpam,1000,cit-Patents,BFS,8,0.000109,0.007694
run_vector_cpam,1000,cit-Patents,BFS,9,0.000105,0.007756
run_vector_cpam,1000,cit-Patents,LabelPropagation,0,7.9e-05,0.022614
run_vector_cpam,1000,cit-Patents,LabelPropagation,1,9.5e-05,0.021723
run_vector_cpam,1000,cit-Patents,LabelPropagation,2,9.9e-05,0.022413
run_vector_cpam,1000,cit-Patents,LabelPropagation,3,0.000103,0.022175
run_vector_cpam,1000,cit-Patents,LabelPropagation,4,0.000104,0.02226
run_vector_cpam,1000,cit-Patents,LabelPropagation,5,9.7e-05,0.022487
run_vector_cpam,1000,cit-Patents,LabelPropagation,6,9.4e-05,0.022133
run_vector_cpam,1000,cit-Patents,LabelPropagation,7,0.000105,0.022469
run_vector_cpam,1000,cit-Patents,LabelPropagation,8,0.000103,0.022867
run_vector_cpam,1000,cit-Patents,LabelPropagation,9,0.000109,0.021979
run_vector_cpam,1000,cit-Patents,PageRank,0,7.9e-05,0.154671
run_vector_cpam,1000,cit-Patents,PageRank,1,0.000106,0.152774
run_vector_cpam,1000,cit-Patents,PageRank,2,0.000168,0.158039
run_vector_cpam,1000,cit-Patents,PageRank,3,0.000111,0.156908
run_vector_cpam,1000,cit-Patents,PageRank,4,0.000167,0.157574
run_vector_cpam,1000,cit-Patents,PageRank,5,0.000138,0.156243
run_vector_cpam,1000,cit-Patents,PageRank,6,0.000116,0.156067
run_vector_cpam,1000,cit-Patents,PageRank,7,0.000164,0.156083
run_vector_cpam,1000,cit-Patents,PageRank,8,0.000162,0.15744
run_vector_cpam,1000,cit-Patents,PageRank,9,0.000157,0.134755
run_vector_cpam,1000,cit-Patents,wBFS_unweighted,0,9.1e-05,4.609742
run_vector_cpam,1000,cit-Patents,wBFS_unweighted,1,0.000124,4.615576
run_vector_cpam,1000,cit-Patents,wBFS_unweighted,2,0.000103,4.667905
run_vector_cpam,1000,cit-Patents,wBFS_unweighted,3,0.000235,4.628569
run_vector_cpam,1000,cit-Patents,wBFS_unweighted,4,0.000156,4.628041
run_vector_cpam,1000,cit-Patents,wBFS_unweighted,5,0.000125,4.645907
run_vector_cpam,1000,cit-Patents,wBFS_unweighted,6,0.00028,4.617961
run_vector_cpam,1000,cit-Patents,wBFS_unweighted,7,0.000112,4.605556
run_vector_cpam,1000,cit-Patents,wBFS_unweighted,8,0.000107,4.635501
run_vector_cpam,1000,cit-Patents,wBFS_unweighted,9,0.000396,4.606645
run_vector_cpam,1000,com-friendster,BFS,0,0.000214,1.645838
run_vector_cpam,1000,com-friendster,BFS,1,0.000123,1.356113
run_vector_cpam,1000,com-friendster,BFS,2,0.000178,1.355216
run_vector_cpam,1000,com-friendster,BFS,3,0.000115,1.355559
run_vector_cpam,1000,com-friendster,BFS,4,0.000117,1.364558
run_vector_cpam,1000,com-friendster,BFS,5,0.000123,1.328032
run_vector_cpam,1000,com-friendster,BFS,6,0.000114,1.331968
run_vector_cpam,1000,com-friendster,BFS,7,0.000121,1.334547
run_vector_cpam,1000,com-friendster,BFS,8,0.000124,1.351214
run_vector_cpam,1000,com-friendster,BFS,9,0.00012,1.328537
run_vector_cpam,1000,com-friendster,LabelPropagation,0,8.8e-05,4.410791
run_vector_cpam,1000,com-friendster,LabelPropagation,1,0.00012,4.183822
run_vector_cpam,1000,com-friendster,LabelPropagation,2,0.000131,4.292164
run_vector_cpam,1000,com-friendster,LabelPropagation,3,0.000117,4.170862
run_vector_cpam,1000,com-friendster,LabelPropagation,4,0.000124,4.246007
run_vector_cpam,1000,com-friendster,LabelPropagation,5,0.000121,4.141245
run_vector_cpam,1000,com-friendster,LabelPropagation,6,0.000122,4.28882
run_vector_cpam,1000,com-friendster,LabelPropagation,7,0.000116,4.412912
run_vector_cpam,1000,com-friendster,LabelPropagation,8,0.000139,4.158131
run_vector_cpam,1000,com-friendster,LabelPropagation,9,0.000121,4.056814
run_vector_cpam,1000,com-friendster,PageRank,0,9e-05,59.719011
run_vector_cpam,1000,com-friendster,PageRank,1,0.000131,72.789039
run_vector_cpam,1000,com-friendster,PageRank,2,0.000194,77.642447
run_vector_cpam,1000,com-friendster,PageRank,3,0.000269,81.986947
run_vector_cpam,1000,com-friendster,PageRank,4,0.000187,69.459668
run_vector_cpam,1000,com-friendster,PageRank,5,0.000164,61.625132
run_vector_cpam,1000,com-friendster,PageRank,6,0.000133,62.290974
run_vector_cpam,1000,com-friendster,PageRank,7,0.000146,68.221183
run_vector_cpam,1000,com-friendster,PageRank,8,0.000158,36.861867
run_vector_cpam,1000,com-friendster,PageRank,9,0.000212,38.548227
run_vector_cpam,1000,com-friendster,wBFS_unweighted,0,9.1e-05,47.517153
run_vector_cpam,1000,com-friendster,wBFS_unweighted,1,0.000111,51.741624
run_vector_cpam,1000,com-friendster,wBFS_unweighted,2,0.000174,60.683304
run_vector_cpam,1000,com-friendster,wBFS_unweighted,3,0.000148,68.259175
run_vector_cpam,1000,com-friendster,wBFS_unweighted,4,0.000119,68.377082
run_vector_cpam,1000,com-friendster,wBFS_unweighted,5,0.000114,65.956331
run_vector_cpam,1000,com-friendster,wBFS_unweighted,6,0.000122,62.233978
run_vector_cpam,1000,com-friendster,wBFS_unweighted,7,0.00012,61.195247
run_vector_cpam,1000,com-friendster,wBFS_unweighted,8,0.000124,44.406421
run_vector_cpam,1000,com-friendster,wBFS_unweighted,9,0.000119,59.81557
run_vector_cpam,1000,com-orkut.ungraph,BFS,0,0.000132,0.004913
run_vector_cpam,1000,com-orkut.ungraph,BFS,1,0.000111,0.004538
run_vector_cpam,1000,com-orkut.ungraph,BFS,2,9.7e-05,0.006654
run_vector_cpam,1000,com-orkut.ungraph,BFS,3,0.000157,0.005831
run_vector_cpam,1000,com-orkut.ungraph,BFS,4,0.000121,0.004319
run_vector_cpam,1000,com-orkut.ungraph,BFS,5,0.000104,0.004321
run_vector_cpam,1000,com-orkut.ungraph,BFS,6,0.000104,0.00432
run_vector_cpam,1000,com-orkut.ungraph,BFS,7,0.000107,0.004323
run_vector_cpam,1000,com-orkut.ungraph,BFS,8,0.000111,0.005921
run_vector_cpam,1000,com-orkut.ungraph,BFS,9,0.000108,0.004301
run_vector_cpam,1000,com-orkut.ungraph,LabelPropagation,0,8.2e-05,0.038222
run_vector_cpam,1000,com-orkut.ungraph,LabelPropagation,1,0.000115,0.037563
run_vector_cpam,1000,com-orkut.ungraph,LabelPropagation,2,0.000122,0.038296
run_vector_cpam,1000,com-orkut.ungraph,LabelPropagation,3,0.000118,0.038416
run_vector_cpam,1000,com-orkut.ungraph,LabelPropagation,4,0.000118,0.037996
run_vector_cpam,1000,com-orkut.ungraph,LabelPropagation,5,0.000107,0.038108
run_vector_cpam,1000,com-orkut.ungraph,LabelPropagation,6,0.000104,0.038377
run_vector_cpam,1000,com-orkut.ungraph,LabelPropagation,7,0.000114,0.037877
run_vector_cpam,1000,com-orkut.ungraph,LabelPropagation,8,0.000118,0.037923
run_vector_cpam,1000,com-orkut.ungraph,LabelPropagation,9,0.000113,0.037194
run_vector_cpam,1000,com-orkut.ungraph,PageRank,0,9.3e-05,0.231484
run_vector_cpam,1000,com-orkut.ungraph,PageRank,1,0.000119,0.230879
run_vector_cpam,1000,com-orkut.ungraph,PageRank,2,0.000111,0.228575
run_vector_cpam,1000,com-orkut.ungraph,PageRank,3,0.000121,0.231777
run_vector_cpam,1000,com-orkut.ungraph,PageRank,4,0.000131,0.229078
run_vector_cpam,1000,com-orkut.ungraph,PageRank,5,0.00011,0.231214
run_vector_cpam,1000,com-orkut.ungraph,PageRank,6,0.000111,0.231972
run_vector_cpam,1000,com-orkut.ungraph,PageRank,7,0.000122,0.229889
run_vector_cpam,1000,com-orkut.ungraph,PageRank,8,0.000119,0.229315
run_vector_cpam,1000,com-orkut.ungraph,PageRank,9,0.000118,0.228423
run_vector_cpam,1000,com-orkut.ungraph,wBFS_unweighted,0,9.6e-05,3.097165
run_vector_cpam,1000,com-orkut.ungraph,wBFS_unweighted,1,0.000129,3.098169
run_vector_cpam,1000,com-orkut.ungraph,wBFS_unweighted,2,0.00029,3.215638
run_vector_cpam,1000,com-orkut.ungraph,wBFS_unweighted,3,0.00021,3.134368
run_vector_cpam,1000,com-orkut.ungraph,wBFS_unweighted,4,0.00031,3.152552
run_vector_cpam,1000,com-orkut.ungraph,wBFS_unweighted,5,0.000214,3.1149
run_vector_cpam,1000,com-orkut.ungraph,wBFS_unweighted,6,0.000137,3.098124
run_vector_cpam,1000,com-orkut.ungraph,wBFS_unweighted,7,0.000128,3.103552
run_vector_cpam,1000,com-orkut.ungraph,wBFS_unweighted,8,0.000131,3.071483
run_vector_cpam,1000,com-orkut.ungraph,wBFS_unweighted,9,0.000129,3.09807
run_vector_cpam,1000,soc-LiveJournal1,BFS,0,0.000116,0.009552
run_vector_cpam,1000,soc-LiveJournal1,BFS,1,0.000103,0.006346
run_vector_cpam,1000,soc-LiveJournal1,BFS,2,0.000101,0.006197
run_vector_cpam,1000,soc-LiveJournal1,BFS,3,0.000112,0.006235
run_vector_cpam,1000,soc-LiveJournal1,BFS,4,0.000111,0.006199
run_vector_cpam,1000,soc-LiveJournal1,BFS,5,0.000105,0.006202
run_vector_cpam,1000,soc-LiveJournal1,BFS,6,0.000101,0.005973
run_vector_cpam,1000,soc-LiveJournal1,BFS,7,9.9e-05,0.006107
run_vector_cpam,1000,soc-LiveJournal1,BFS,8,9.8e-05,0.006202
run_vector_cpam,1000,soc-LiveJournal1,BFS,9,0.000101,0.006214
run_vector_cpam,1000,soc-LiveJournal1,LabelPropagation,0,8.9e-05,0.025137
run_vector_cpam,1000,soc-LiveJournal1,LabelPropagation,1,0.000113,0.023734
run_vector_cpam,1000,soc-LiveJournal1,LabelPropagation,2,0.000123,0.023498
run_vector_cpam,1000,soc-LiveJournal1,LabelPropagation,3,0.000123,0.023328
run_vector_cpam,1000,soc-LiveJournal1,LabelPropagation,4,0.000115,0.023971
run_vector_cpam,1000,soc-LiveJournal1,LabelPropagation,5,0.000109,0.023465
run_vector_cpam,1000,soc-LiveJournal1,LabelPropagation,6,0.000111,0.023864
run_vector_cpam,1000,soc-LiveJournal1,LabelPropagation,7,0.00011,0.02355
run_vector_cpam,1000,soc-LiveJournal1,LabelPropagation,8,0.000106,0.023069
run_vector_cpam,1000,soc-LiveJournal1,LabelPropagation,9,0.000113,0.026339
run_vector_cpam,1000,soc-LiveJournal1,PageRank,0,0.000159,0.180318
run_vector_cpam,1000,soc-LiveJournal1,PageRank,1,0.000297,0.180874
run_vector_cpam,1000,soc-LiveJournal1,PageRank,2,0.000142,0.179799
run_vector_cpam,1000,soc-LiveJournal1,PageRank,3,0.000187,0.179593
run_vector_cpam,1000,soc-LiveJournal1,PageRank,4,0.000113,0.177491
run_vector_cpam,1000,soc-LiveJournal1,PageRank,5,0.00011,0.178866
run_vector_cpam,1000,soc-LiveJournal1,PageRank,6,0.000121,0.178655
run_vector_cpam,1000,soc-LiveJournal1,PageRank,7,0.000108,0.176721
run_vector_cpam,1000,soc-LiveJournal1,PageRank,8,0.000117,0.174148
run_vector_cpam,1000,soc-LiveJournal1,PageRank,9,0.00013,0.179647
run_vector_cpam,1000,soc-LiveJournal1,wBFS_unweighted,0,9e-05,4.813055
run_vector_cpam,1000,soc-LiveJournal1,wBFS_unweighted,1,0.000139,4.799137
run_vector_cpam,1000,soc-LiveJournal1,wBFS_unweighted,2,0.000208,4.787008
run_vector_cpam,1000,soc-LiveJournal1,wBFS_unweighted,3,0.000132,4.761676
run_vector_cpam,1000,soc-LiveJournal1,wBFS_unweighted,4,0.000252,4.775291
run_vector_cpam,1000,soc-LiveJournal1,wBFS_unweighted,5,0.000215,4.775015
run_vector_cpam,1000,soc-LiveJournal1,wBFS_unweighted,6,0.000114,4.713947
run_vector_cpam,1000,soc-LiveJournal1,wBFS_unweighted,7,0.000174,4.765455
run_vector_cpam,1000,soc-LiveJournal1,wBFS_unweighted,8,0.000363,4.809118
run_vector_cpam,1000,soc-LiveJournal1,wBFS_unweighted,9,0.000127,4.760257
run_vector_cpam,1000,twitter-unique-undir,BFS,0,0.0002,0.039091
run_vector_cpam,1000,twitter-unique-undir,BFS,1,0.000136,0.035396
run_vector_cpam,1000,twitter-unique-undir,BFS,2,0.000162,0.035472
run_vector_cpam,1000,twitter-unique-undir,BFS,3,0.000159,0.036847
run_vector_cpam,1000,twitter-unique-undir,BFS,4,0.000178,0.035568
run_vector_cpam,1000,twitter-unique-undir,BFS,5,0.000196,0.035719
run_vector_cpam,1000,twitter-unique-undir,BFS,6,0.000194,0.036149
run_vector_cpam,1000,twitter-unique-undir,BFS,7,0.000831,0.036067
run_vector_cpam,1000,twitter-unique-undir,BFS,8,0.000178,0.035655
run_vector_cpam,1000,twitter-unique-undir,BFS,9,0.000172,0.035532
run_vector_cpam,1000,twitter-unique-undir,LabelPropagation,0,0.000145,1.071184
run_vector_cpam,1000,twitter-unique-undir,LabelPropagation,1,0.000185,1.084242
run_vector_cpam,1000,twitter-unique-undir,LabelPropagation,2,0.0002,1.088848
run_vector_cpam,1000,twitter-unique-undir,LabelPropagation,3,0.000199,1.063175
run_vector_cpam,1000,twitter-unique-undir,LabelPropagation,4,0.000204,1.061853
run_vector_cpam,1000,twitter-unique-undir,LabelPropagation,5,0.000233,1.064796
run_vector_cpam,1000,twitter-unique-undir,LabelPropagation,6,0.000225,1.07487
run_vector_cpam,1000,twitter-unique-undir,LabelPropagation,7,0.000188,1.069706
run_vector_cpam,1000,twitter-unique-undir,LabelPropagation,8,0.000218,1.063873
run_vector_cpam,1000,twitter-unique-undir,LabelPropagation,9,0.000203,1.063918
run_vector_cpam,1000,twitter-unique-undir,PageRank,0,0.00015,9.429089
run_vector_cpam,1000,twitter-unique-undir,PageRank,1,0.000173,9.389906
run_vector_cpam,1000,twitter-unique-undir,PageRank,2,0.000186,9.540395
run_vector_cpam,1000,twitter-unique-undir,PageRank,3,0.000258,9.50403
run_vector_cpam,1000,twitter-unique-undir,PageRank,4,0.000224,9.192621
run_vector_cpam,1000,twitter-unique-undir,PageRank,5,0.000306,9.229087
run_vector_cpam,1000,twitter-unique-undir,PageRank,6,0.000261,9.222754
run_vector_cpam,1000,twitter-unique-undir,PageRank,7,0.000216,9.864066
run_vector_cpam,1000,twitter-unique-undir,PageRank,8,0.000244,9.989165
run_vector_cpam,1000,twitter-unique-undir,PageRank,9,0.000243,10.452595
run_vector_cpam,1000,twitter-unique-undir,wBFS_unweighted,0,0.000149,29.161516
run_vector_cpam,1000,twitter-unique-undir,wBFS_unweighted,1,0.000161,29.234744
run_vector_cpam,1000,twitter-unique-undir,wBFS_unweighted,2,0.000181,29.090399
run_vector_cpam,1000,twitter-unique-undir,wBFS_unweighted,3,0.000181,29.196841
run_vector_cpam,1000,twitter-unique-undir,wBFS_unweighted,4,0.0002,29.38361
run_vector_cpam,1000,twitter-unique-undir,wBFS_unweighted,5,0.000232,29.65971
run_vector_cpam,1000,twitter-unique-undir,wBFS_unweighted,6,0.000222,31.586042
run_vector_cpam,1000,twitter-unique-undir,wBFS_unweighted,7,0.000172,30.721387
run_vector_cpam,1000,twitter-unique-undir,wBFS_unweighted,8,0.000273,29.391941
run_vector_cpam,1000,twitter-unique-undir,wBFS_unweighted,9,0.000187,29.135608
run_vector_cpam,10000,cit-Patents,BFS,0,0.002377,0.010806
run_vector_cpam,10000,cit-Patents,BFS,1,0.002336,0.008633
run_vector_cpam,10000,cit-Patents,BFS,2,0.002363,0.008896
run_vector_cpam,10000,cit-Patents,BFS,3,0.00238,0.008504
run_vector_cpam,10000,cit-Patents,BFS,4,0.002398,0.008836
run_vector_cpam,10000,cit-Patents,BFS,5,0.002385,0.0084
run_vector_cpam,10000,cit-Patents,BFS,6,0.002362,0.008438
run_vector_cpam,10000,cit-Patents,BFS,7,0.002385,0.008297
run_vector_cpam,10000,cit-Patents,BFS,8,0.00242,0.008283
run_vector_cpam,10000,cit-Patents,BFS,9,0.00238,0.008771
run_vector_cpam,10000,cit-Patents,LabelPropagation,0,0.002424,0.023867
run_vector_cpam,10000,cit-Patents,LabelPropagation,1,0.00232,0.021253
run_vector_cpam,10000,cit-Patents,LabelPropagation,2,0.002319,0.021916
run_vector_cpam,10000,cit-Patents,LabelPropagation,3,0.002322,0.022806
run_vector_cpam,10000,cit-Patents,LabelPropagation,4,0.002361,0.021741
run_vector_cpam,10000,cit-Patents,LabelPropagation,5,0.002363,0.022335
run_vector_cpam,10000,cit-Patents,LabelPropagation,6,0.002302,0.0218
run_vector_cpam,10000,cit-Patents,LabelPropagation,7,0.002305,0.021942
run_vector_cpam,10000,cit-Patents,LabelPropagation,8,0.00236,0.021268
run_vector_cpam,10000,cit-Patents,LabelPropagation,9,0.002311,0.021519
run_vector_cpam,10000,cit-Patents,PageRank,0,0.002375,0.157923
run_vector_cpam,10000,cit-Patents,PageRank,1,0.002314,0.158222
run_vector_cpam,10000,cit-Patents,PageRank,2,0.002382,0.156742
run_vector_cpam,10000,cit-Patents,PageRank,3,0.002424,0.162451
run_vector_cpam,10000,cit-Patents,PageRank,4,0.002651,0.174964
run_vector_cpam,10000,cit-Patents,PageRank,5,0.002845,0.170018
run_vector_cpam,10000,cit-Patents,PageRank,6,0.00255,0.165494
run_vector_cpam,10000,cit-Patents,PageRank,7,0.002495,0.159321
run_vector_cpam,10000,cit-Patents,PageRank,8,0.002395,0.156638
run_vector_cpam,10000,cit-Patents,PageRank,9,0.002334,0.135815
run_vector_cpam,10000,cit-Patents,wBFS_unweighted,0,0.002413,4.636657
run_vector_cpam,10000,cit-Patents,wBFS_unweighted,1,0.002447,4.59923
run_vector_cpam,10000,cit-Patents,wBFS_unweighted,2,0.002265,4.596569
run_vector_cpam,10000,cit-Patents,wBFS_unweighted,3,0.002481,4.621506
run_vector_cpam,10000,cit-Patents,wBFS_unweighted,4,0.002341,4.611287
run_vector_cpam,10000,cit-Patents,wBFS_unweighted,5,0.002271,4.628256
run_vector_cpam,10000,cit-Patents,wBFS_unweighted,6,0.002376,4.618536
run_vector_cpam,10000,cit-Patents,wBFS_unweighted,7,0.002354,4.599672
run_vector_cpam,10000,cit-Patents,wBFS_unweighted,8,0.002447,4.577123
run_vector_cpam,10000,cit-Patents,wBFS_unweighted,9,0.002413,4.575331
run_vector_cpam,10000,com-friendster,BFS,0,0.002853,1.33872
run_vector_cpam,10000,com-friendster,BFS,1,0.002334,0.982241
run_vector_cpam,10000,com-friendster,BFS,2,0.00233,0.973947
run_vector_cpam,10000,com-friendster,BFS,3,0.002346,0.971716
run_vector_cpam,10000,com-friendster,BFS,4,0.002347,0.966533
run_vector_cpam,10000,com-friendster,BFS,5,0.002355,0.970235
run_vector_cpam,10000,com-friendster,BFS,6,0.002343,0.974435
run_vector_cpam,10000,com-friendster,BFS,7,0.002574,0.98181
run_vector_cpam,10000,com-friendster,BFS,8,0.002514,0.97868
run_vector_cpam,10000,com-friendster,BFS,9,0.002472,0.991468
run_vector_cpam,10000,com-friendster,LabelPropagation,0,0.002457,6.832406
run_vector_cpam,10000,com-friendster,LabelPropagation,1,0.002568,6.522454
run_vector_cpam,10000,com-friendster,LabelPropagation,2,0.00252,6.4128
run_vector_cpam,10000,com-friendster,LabelPropagation,3,0.002655,5.841577
run_vector_cpam,10000,com-friendster,LabelPropagation,4,0.002579,5.258654
run_vector_cpam,10000,com-friendster,LabelPropagation,5,0.002567,5.426379
run_vector_cpam,10000,com-friendster,LabelPropagation,6,0.002553,5.302413
run_vector_cpam,10000,com-friendster,LabelPropagation,7,0.002535,5.137599
run_vector_cpam,10000,com-friendster,LabelPropagation,8,0.002617,5.337756
run_vector_cpam,10000,com-friendster,LabelPropagation,9,0.002536,5.264346
run_vector_cpam,10000,com-friendster,PageRank,0,0.002556,61.849939
run_vector_cpam,10000,com-friendster,PageRank,1,0.002445,70.732289
run_vector_cpam,10000,com-friendster,PageRank,2,0.002669,63.637275
run_vector_cpam,10000,com-friendster,PageRank,3,0.002596,65.697101
run_vector_cpam,10000,com-friendster,PageRank,4,0.002485,66.66062
run_vector_cpam,10000,com-friendster,PageRank,5,0.002471,67.529765
run_vector_cpam,10000,com-friendster,PageRank,6,0.002543,75.543472
run_vector_cpam,10000,com-friendster,PageRank,7,0.002549,70.032902
run_vector_cpam,10000,com-friendster,PageRank,8,0.002534,68.675255
run_vector_cpam,10000,com-friendster,PageRank,9,0.002625,33.097113
run_vector_cpam,10000,com-friendster,wBFS_unweighted,0,0.00247,45.294186
run_vector_cpam,10000,com-friendster,wBFS_unweighted,1,0.002322,45.054856
run_vector_cpam,10000,com-friendster,wBFS_unweighted,2,0.00233,45.42039
run_vector_cpam,10000,com-friendster,wBFS_unweighted,3,0.002314,44.514826
run_vector_cpam,10000,com-friendster,wBFS_unweighted,4,0.002337,44.014091
run_vector_cpam,10000,com-friendster,wBFS_unweighted,5,0.002337,44.091441
run_vector_cpam,10000,com-friendster,wBFS_unweighted,6,0.002359,48.245896
run_vector_cpam,10000,com-friendster,wBFS_unweighted,7,0.002328,43.938596
run_vector_cpam,10000,com-friendster,wBFS_unweighted,8,0.002341,43.943845
run_vector_cpam,10000,com-friendster,wBFS_unweighted,9,0.002352,43.85941
run_vector_cpam,10000,com-orkut.ungraph,BFS,0,0.002652,0.005407
run_vector_cpam,10000,com-orkut.ungraph,BFS,1,0.002278,0.004396
run_vector_cpam,10000,com-orkut.ungraph,BFS,2,0.002265,0.005666
run_vector_cpam,10000,com-orkut.ungraph,BFS,3,0.002267,0.00432
run_vector_cpam,10000,com-orkut.ungraph,BFS,4,0.002277,0.004259
run_vector_cpam,10000,com-orkut.ungraph,BFS,5,0.00225,0.004415
run_vector_cpam,10000,com-orkut.ungraph,BFS,6,0.002265,0.004982
run_vector_cpam,10000,com-orkut.ungraph,BFS,7,0.002282,0.004334
run_vector_cpam,10000,com-orkut.ungraph,BFS,8,0.002284,0.004244
run_vector_cpam,10000,com-orkut.ungraph,BFS,9,0.002273,0.005039
run_vector_cpam,10000,com-orkut.ungraph,LabelPropagation,0,0.00252,0.039537
run_vector_cpam,10000,com-orkut.ungraph,LabelPropagation,1,0.002557,0.040569
run_vector_cpam,10000,com-orkut.ungraph,LabelPropagation,2,0.002272,0.03985
run_vector_cpam,10000,com-orkut.ungraph,LabelPropagation,3,0.002446,0.039233
run_vector_cpam,10000,com-orkut.ungraph,LabelPropagation,4,0.002387,0.042146
run_vector_cpam,10000,com-orkut.ungraph,LabelPropagation,5,0.002666,0.040605
run_vector_cpam,10000,com-orkut.ungraph,LabelPropagation,6,0.00241,0.040355
run_vector_cpam,10000,com-orkut.ungraph,LabelPropagation,7,0.002526,0.041597
run_vector_cpam,10000,com-orkut.ungraph,LabelPropagation,8,0.002536,0.042592
run_vector_cpam,10000,com-orkut.ungraph,LabelPropagation,9,0.002429,0.040331
run_vector_cpam,10000,com-orkut.ungraph,PageRank,0,0.002379,0.243715
run_vector_cpam,10000,com-orkut.ungraph,PageRank,1,0.002353,0.243402
run_vector_cpam,10000,com-orkut.ungraph,PageRank,2,0.002345,0.246206
run_vector_cpam,10000,com-orkut.ungraph,PageRank,3,0.00239,0.246373
run_vector_cpam,10000,com-orkut.ungraph,PageRank,4,0.002363,0.247626
run_vector_cpam,10000,com-orkut.ungraph,PageRank,5,0.002386,0.243333
run_vector_cpam,10000,com-orkut.ungraph,PageRank,6,0.002431,0.244336
run_vector_cpam,10000,com-orkut.ungraph,PageRank,7,0.002456,0.247904
run_vector_cpam,10000,com-orkut.ungraph,PageRank,8,0.002433,0.248817
run_vector_cpam,10000,com-orkut.ungraph,PageRank,9,0.002373,0.243406
run_vector_cpam,10000,com-orkut.ungraph,wBFS_unweighted,0,0.002395,3.123114
run_vector_cpam,10000,com-orkut.ungraph,wBFS_unweighted,1,0.002674,3.145987
run_vector_cpam,10000,com-orkut.ungraph,wBFS_unweighted,2,0.002367,3.081982
run_vector_cpam,10000,com-orkut.ungraph,wBFS_unweighted,3,0.002242,3.093884
run_vector_cpam,10000,com-orkut.ungraph,wBFS_unweighted,4,0.00223,3.077114
run_vector_cpam,10000,com-orkut.ungraph,wBFS_unweighted,5,0.002341,3.149227
run_vector_cpam,10000,com-orkut.ungraph,wBFS_unweighted,6,0.00228,3.095458
run_vector_cpam,10000,com-orkut.ungraph,wBFS_unweighted,7,0.00243,3.102093
run_vector_cpam,10000,com-orkut.ungraph,wBFS_unweighted,8,0.002263,3.072915
run_vector_cpam,10000,com-orkut.ungraph,wBFS_unweighted,9,0.002255,3.078226
run_vector_cpam,10000,soc-LiveJournal1,BFS,0,0.002611,0.008106
run_vector_cpam,10000,soc-LiveJournal1,BFS,1,0.002265,0.006848
run_vector_cpam,10000,soc-LiveJournal1,BFS,2,0.002306,0.006849
run_vector_cpam,10000,soc-LiveJournal1,BFS,3,0.002289,0.006942
run_vector_cpam,10000,soc-LiveJournal1,BFS,4,0.002309,0.006915
run_vector_cpam,10000,soc-LiveJournal1,BFS,5,0.002271,0.006876
run_vector_cpam,10000,soc-LiveJournal1,BFS,6,0.002274,0.006828
run_vector_cpam,10000,soc-LiveJournal1,BFS,7,0.002292,0.00698
run_vector_cpam,10000,soc-LiveJournal1,BFS,8,0.002312,0.007263
run_vector_cpam,10000,soc-LiveJournal1,BFS,9,0.002327,0.006961
run_vector_cpam,10000,soc-LiveJournal1,LabelPropagation,0,0.002333,0.025307
run_vector_cpam,10000,soc-LiveJournal1,LabelPropagation,1,0.002321,0.025077
run_vector_cpam,10000,soc-LiveJournal1,LabelPropagation,2,0.002349,0.025231
run_vector_cpam,10000,soc-LiveJournal1,LabelPropagation,3,0.002333,0.024965
run_vector_cpam,10000,soc-LiveJournal1,LabelPropagation,4,0.002278,0.02506
run_vector_cpam,10000,soc-LiveJournal1,LabelPropagation,5,0.002286,0.027508
run_vector_cpam,10000,soc-LiveJournal1,LabelPropagation,6,0.002272,0.025793
run_vector_cpam,10000,soc-LiveJournal1,LabelPropagation,7,0.002313,0.026932
run_vector_cpam,10000,soc-LiveJournal1,LabelPropagation,8,0.002306,0.025229
run_vector_cpam,10000,soc-LiveJournal1,LabelPropagation,9,0.002325,0.025431
run_vector_cpam,10000,soc-LiveJournal1,PageRank,0,0.002369,0.19317
run_vector_cpam,10000,soc-LiveJournal1,PageRank,1,0.002216,0.189695
run_vector_cpam,10000,soc-LiveJournal1,PageRank,2,0.002242,0.187011
run_vector_cpam,10000,soc-LiveJournal1,PageRank,3,0.002237,0.199468
run_vector_cpam,10000,soc-LiveJournal1,PageRank,4,0.003521,0.211373
run_vector_cpam,10000,soc-LiveJournal1,PageRank,5,0.002397,0.210938
run_vector_cpam,10000,soc-LiveJournal1,PageRank,6,0.002416,0.196365
run_vector_cpam,10000,soc-LiveJournal1,PageRank,7,0.002305,0.192625
run_vector_cpam,10000,soc-LiveJournal1,PageRank,8,0.002287,0.190173
run_vector_cpam,10000,soc-LiveJournal1,PageRank,9,0.002247,0.190787
run_vector_cpam,10000,soc-LiveJournal1,wBFS_unweighted,0,0.00242,4.763072
run_vector_cpam,10000,soc-LiveJournal1,wBFS_unweighted,1,0.002623,4.754125
run_vector_cpam,10000,soc-LiveJournal1,wBFS_unweighted,2,0.002244,4.692436
run_vector_cpam,10000,soc-LiveJournal1,wBFS_unweighted,3,0.002233,4.746119
run_vector_cpam,10000,soc-LiveJournal1,wBFS_unweighted,4,0.002423,4.73562
run_vector_cpam,10000,soc-LiveJournal1,wBFS_unweighted,5,0.002203,4.721487
run_vector_cpam,10000,soc-LiveJournal1,wBFS_unweighted,6,0.002191,4.721797
run_vector_cpam,10000,soc-LiveJournal1,wBFS_unweighted,7,0.0022,4.733117
run_vector_cpam,10000,soc-LiveJournal1,wBFS_unweighted,8,0.002228,4.755081
run_vector_cpam,10000,soc-LiveJournal1,wBFS_unweighted,9,0.002572,4.747195
run_vector_cpam,10000,twitter-unique-undir,BFS,0,0.003196,0.039796
run_vector_cpam,10000,twitter-unique-undir,BFS,1,0.003149,0.038676
run_vector_cpam,10000,twitter-unique-undir,BFS,2,0.003109,0.038718
run_vector_cpam,10000,twitter-unique-undir,BFS,3,0.002833,0.038733
run_vector_cpam,10000,twitter-unique-undir,BFS,4,0.003386,0.039429
run_vector_cpam,10000,twitter-unique-undir,BFS,5,0.003078,0.038835
run_vector_cpam,10000,twitter-unique-undir,BFS,6,0.003525,0.038791
run_vector_cpam,10000,twitter-unique-undir,BFS,7,0.002907,0.039435
run_vector_cpam,10000,twitter-unique-undir,BFS,8,0.003225,0.038517
run_vector_cpam,10000,twitter-unique-undir,BFS,9,0.003112,0.038598
run_vector_cpam,10000,twitter-unique-undir,LabelPropagation,0,0.002899,1.195744
run_vector_cpam,10000,twitter-unique-undir,LabelPropagation,1,0.003883,1.209469
run_vector_cpam,10000,twitter-unique-undir,LabelPropagation,2,0.003454,1.228019
run_vector_cpam,10000,twitter-unique-undir,LabelPropagation,3,0.003249,1.21255
run_vector_cpam,10000,twitter-unique-undir,LabelPropagation,4,0.003605,1.147376
run_vector_cpam,10000,twitter-unique-undir,LabelPropagation,5,0.003482,1.15356
run_vector_cpam,10000,twitter-unique-undir,LabelPropagation,6,0.004313,1.140423
run_vector_cpam,10000,twitter-unique-undir,LabelPropagation,7,0.003092,1.133717
run_vector_cpam,10000,twitter-unique-undir,LabelPropagation,8,0.003625,1.160868
run_vector_cpam,10000,twitter-unique-undir,LabelPropagation,9,0.003718,1.13541
run_vector_cpam,10000,twitter-unique-undir,PageRank,0,0.003003,9.344484
run_vector_cpam,10000,twitter-unique-undir,PageRank,1,0.003299,9.349301
run_vector_cpam,10000,twitter-unique-undir,PageRank,2,0.002993,9.121405
run_vector_cpam,10000,twitter-unique-undir,PageRank,3,0.002891,9.90325
run_vector_cpam,10000,twitter-unique-undir,PageRank,4,0.003421,10.086735
run_vector_cpam,10000,twitter-unique-undir,PageRank,5,0.00362,9.93407
run_vector_cpam,10000,twitter-unique-undir,PageRank,6,0.003645,9.925071
run_vector_cpam,10000,twitter-unique-undir,PageRank,7,0.003292,9.957502
run_vector_cpam,10000,twitter-unique-undir,PageRank,8,0.003464,9.840678
run_vector_cpam,10000,twitter-unique-undir,PageRank,9,0.003315,9.863523
run_vector_cpam,10000,twitter-unique-undir,wBFS_unweighted,0,0.003117,29.204858
run_vector_cpam,10000,twitter-unique-undir,wBFS_unweighted,1,0.003276,28.268988
run_vector_cpam,10000,twitter-unique-undir,wBFS_unweighted,2,0.003013,28.200122
run_vector_cpam,10000,twitter-unique-undir,wBFS_unweighted,3,0.003099,31.297961
run_vector_cpam,10000,twitter-unique-undir,wBFS_unweighted,4,0.003484,31.96146
run_vector_cpam,10000,twitter-unique-undir,wBFS_unweighted,5,0.003116,31.496162
run_vector_cpam,10000,twitter-unique-undir,wBFS_unweighted,6,0.003656,33.589357
run_vector_cpam,10000,twitter-unique-undir,wBFS_unweighted,7,0.003146,30.626172
run_vector_cpam,10000,twitter-unique-undir,wBFS_unweighted,8,0.003115,29.272639
run_vector_cpam,10000,twitter-unique-undir,wBFS_unweighted,9,0.003111,31.837909
run_vector_cpam,100000,cit-Patents,BFS,0,0.004002,0.011618
run_vector_cpam,100000,cit-Patents,BFS,1,0.004013,0.009251
run_vector_cpam,100000,cit-Patents,BFS,2,0.003951,0.008446
run_vector_cpam,100000,cit-Patents,BFS,3,0.003984,0.008323
run_vector_cpam,100000,cit-Patents,BFS,4,0.004013,0.008384
run_vector_cpam,100000,cit-Patents,BFS,5,0.003981,0.008825
run_vector_cpam,100000,cit-Patents,BFS,6,0.003994,0.0089
run_vector_cpam,100000,cit-Patents,BFS,7,0.004125,0.009028
run_vector_cpam,100000,cit-Patents,BFS,8,0.004102,0.008887
run_vector_cpam,100000,cit-Patents,BFS,9,0.004022,0.008875
run_vector_cpam,100000,cit-Patents,LabelPropagation,0,0.003808,0.02719
run_vector_cpam,100000,cit-Patents,LabelPropagation,1,0.0039,0.025956
run_vector_cpam,100000,cit-Patents,LabelPropagation,2,0.00388,0.025333
run_vector_cpam,100000,cit-Patents,LabelPropagation,3,0.004036,0.025566
run_vector_cpam,100000,cit-Patents,LabelPropagation,4,0.003957,0.026131
run_vector_cpam,100000,cit-Patents,LabelPropagation,5,0.004139,0.026285
run_vector_cpam,100000,cit-Patents,LabelPropagation,6,0.004219,0.025889
run_vector_cpam,100000,cit-Patents,LabelPropagation,7,0.003976,0.026488
run_vector_cpam,100000,cit-Patents,LabelPropagation,8,0.004229,0.026619
run_vector_cpam,100000,cit-Patents,LabelPropagation,9,0.004041,0.026661
run_vector_cpam,100000,cit-Patents,PageRank,0,0.003982,0.183926
run_vector_cpam,100000,cit-Patents,PageRank,1,0.004011,0.181125
run_vector_cpam,100000,cit-Patents,PageRank,2,0.003901,0.180198
run_vector_cpam,100000,cit-Patents,PageRank,3,0.004046,0.18421
run_vector_cpam,100000,cit-Patents,PageRank,4,0.003978,0.177533
run_vector_cpam,100000,cit-Patents,PageRank,5,0.003916,0.176017
run_vector_cpam,100000,cit-Patents,PageRank,6,0.003808,0.17674
run_vector_cpam,100000,cit-Patents,PageRank,7,0.004062,0.178134
run_vector_cpam,100000,cit-Patents,PageRank,8,0.003917,0.181301
run_vector_cpam,100000,cit-Patents,PageRank,9,0.004121,0.175745
run_vector_cpam,100000,cit-Patents,wBFS_unweighted,0,0.003742,4.684289
run_vector_cpam,100000,cit-Patents,wBFS_unweighted,1,0.003825,4.644814
run_vector_cpam,100000,cit-Patents,wBFS_unweighted,2,0.003726,4.629414
run_vector_cpam,100000,cit-Patents,wBFS_unweighted,3,0.003676,4.637268
run_vector_cpam,100000,cit-Patents,wBFS_unweighted,4,0.004035,4.659124
run_vector_cpam,100000,cit-Patents,wBFS_unweighted,5,0.004008,4.627604
run_vector_cpam,100000,cit-Patents,wBFS_unweighted,6,0.003887,4.655298
run_vector_cpam,100000,cit-Patents,wBFS_unweighted,7,0.00422,4.657574
run_vector_cpam,100000,cit-Patents,wBFS_unweighted,8,0.004291,4.611184
run_vector_cpam,100000,cit-Patents,wBFS_unweighted,9,0.00386,4.620004
run_vector_cpam,100000,com-friendster,BFS,0,0.005946,1.235032
run_vector_cpam,100000,com-friendster,BFS,1,0.004455,1.039045
run_vector_cpam,100000,com-friendster,BFS,2,0.004172,1.034841
run_vector_cpam,100000,com-friendster,BFS,3,0.004438,1.0416
run_vector_cpam,100000,com-friendster,BFS,4,0.004208,1.034764
run_vector_cpam,100000,com-friendster,BFS,5,0.00467,1.036534
run_vector_cpam,100000,com-friendster,BFS,6,0.004224,1.035756
run_vector_cpam,100000,com-friendster,BFS,7,0.004267,1.034457
run_vector_cpam,100000,com-friendster,BFS,8,0.004306,1.038922
run_vector_cpam,100000,com-friendster,BFS,9,0.004215,1.042597
run_vector_cpam,100000,com-friendster,LabelPropagation,0,0.004316,4.688384
run_vector_cpam,100000,com-friendster,LabelPropagation,1,0.004526,4.573569
run_vector_cpam,100000,com-friendster,LabelPropagation,2,0.004459,4.625754
run_vector_cpam,100000,com-friendster,LabelPropagation,3,0.004444,4.528473
run_vector_cpam,100000,com-friendster,LabelPropagation,4,0.004381,4.853635
run_vector_cpam,100000,com-friendster,LabelPropagation,5,0.004584,4.637606
run_vector_cpam,100000,com-friendster,LabelPropagation,6,0.004504,4.686382
run_vector_cpam,100000,com-friendster,LabelPropagation,7,0.004419,4.648008
run_vector_cpam,100000,com-friendster,LabelPropagation,8,0.004444,4.638661
run_vector_cpam,100000,com-friendster,LabelPropagation,9,0.00454,4.478611
run_vector_cpam,100000,com-friendster,PageRank,0,0.004605,54.501956
run_vector_cpam,100000,com-friendster,PageRank,1,0.004738,63.769057
run_vector_cpam,100000,com-friendster,PageRank,2,0.004726,72.23927
run_vector_cpam,100000,com-friendster,PageRank,3,0.004849,84.088459
run_vector_cpam,100000,com-friendster,PageRank,4,0.004885,86.171324
run_vector_cpam,100000,com-friendster,PageRank,5,0.004829,68.651201
run_vector_cpam,100000,com-friendster,PageRank,6,0.00485,54.279954
run_vector_cpam,100000,com-friendster,PageRank,7,0.004706,65.750127
run_vector_cpam,100000,com-friendster,PageRank,8,0.004728,76.554226
run_vector_cpam,100000,com-friendster,PageRank,9,0.004964,41.844748
run_vector_cpam,100000,com-friendster,wBFS_unweighted,0,0.004597,44.787966
run_vector_cpam,100000,com-friendster,wBFS_unweighted,1,0.004498,44.879252
run_vector_cpam,100000,com-friendster,wBFS_unweighted,2,0.004601,44.507248
run_vector_cpam,100000,com-friendster,wBFS_unweighted,3,0.004406,45.226417
run_vector_cpam,100000,com-friendster,wBFS_unweighted,4,0.004412,49.016437
run_vector_cpam,100000,com-friendster,wBFS_unweighted,5,0.00441,45.447519
run_vector_cpam,100000,com-friendster,wBFS_unweighted,6,0.004706,44.744737
run_vector_cpam,100000,com-friendster,wBFS_unweighted,7,0.004517,45.309886
run_vector_cpam,100000,com-friendster,wBFS_unweighted,8,0.004362,49.32178
run_vector_cpam,100000,com-friendster,wBFS_unweighted,9,0.004488,47.380375
run_vector_cpam,100000,com-orkut.ungraph,BFS,0,0.005081,0.006507
run_vector_cpam,100000,com-orkut.ungraph,BFS,1,0.004139,0.005346
run_vector_cpam,100000,com-orkut.ungraph,BFS,2,0.004141,0.006859
run_vector_cpam,100000,com-orkut.ungraph,BFS,3,0.004525,0.005294
run_vector_cpam,100000,com-orkut.ungraph,BFS,4,0.004439,0.005334
run_vector_cpam,100000,com-orkut.ungraph,BFS,5,0.004067,0.005242
run_vector_cpam,100000,com-orkut.ungraph,BFS,6,0.004337,0.005141
run_vector_cpam,100000,com-orkut.ungraph,BFS,7,0.004162,0.005106
run_vector_cpam,100000,com-orkut.ungraph,BFS,8,0.004202,0.005098
run_vector_cpam,100000,com-orkut.ungraph,BFS,9,0.004269,0.00539
run_vector_cpam,100000,com-orkut.ungraph,LabelPropagation,0,0.004202,0.049494
run_vector_cpam,100000,com-orkut.ungraph,LabelPropagation,1,0.00434,0.047517
run_vector_cpam,100000,com-orkut.ungraph,LabelPropagation,2,0.004373,0.048158
run_vector_cpam,100000,com-orkut.ungraph,LabelPropagation,3,0.004637,0.047219
run_vector_cpam,100000,com-orkut.ungraph,LabelPropagation,4,0.004779,0.046418
run_vector_cpam,100000,com-orkut.ungraph,LabelPropagation,5,0.004397,0.046408
run_vector_cpam,100000,com-orkut.ungraph,LabelPropagation,6,0.004798,0.047878
run_vector_cpam,100000,com-orkut.ungraph,LabelPropagation,7,0.004691,0.048004
run_vector_cpam,100000,com-orkut.ungraph,LabelPropagation,8,0.004473,0.047989
run_vector_cpam,100000,com-orkut.ungraph,LabelPropagation,9,0.004281,0.047978
run_vector_cpam,100000,com-orkut.ungraph,PageRank,0,0.004031,0.285825
run_vector_cpam,100000,com-orkut.ungraph,PageRank,1,0.004056,0.285712
run_vector_cpam,100000,com-orkut.ungraph,PageRank,2,0.004203,0.28334
run_vector_cpam,100000,com-orkut.ungraph,PageRank,3,0.004133,0.287556
run_vector_cpam,100000,com-orkut.ungraph,PageRank,4,0.004336,0.286852
run_vector_cpam,100000,com-orkut.ungraph,PageRank,5,0.004165,0.291095
run_vector_cpam,100000,com-orkut.ungraph,PageRank,6,0.004147,0.290454
run_vector_cpam,100000,com-orkut.ungraph,PageRank,7,0.00447,0.291015
run_vector_cpam,100000,com-orkut.ungraph,PageRank,8,0.004345,0.29434
run_vector_cpam,100000,com-orkut.ungraph,PageRank,9,0.004193,0.31163
run_vector_cpam,100000,com-orkut.ungraph,wBFS_unweighted,0,0.004117,3.101913
run_vector_cpam,100000,com-orkut.ungraph,wBFS_unweighted,1,0.004159,3.156199
run_vector_cpam,100000,com-orkut.ungraph,wBFS_unweighted,2,0.005076,3.131458
run_vector_cpam,100000,com-orkut.ungraph,wBFS_unweighted,3,0.004086,3.092463
run_vector_cpam,100000,com-orkut.ungraph,wBFS_unweighted,4,0.004615,3.021327
run_vector_cpam,100000,com-orkut.ungraph,wBFS_unweighted,5,0.00419,3.038519
run_vector_cpam,100000,com-orkut.ungraph,wBFS_unweighted,6,0.004414,3.06978
run_vector_cpam,100000,com-orkut.ungraph,wBFS_unweighted,7,0.004496,3.107362
run_vector_cpam,100000,com-orkut.ungraph,wBFS_unweighted,8,0.00448,3.109096
run_vector_cpam,100000,com-orkut.ungraph,wBFS_unweighted,9,0.004875,3.143598
run_vector_cpam,100000,soc-LiveJournal1,BFS,0,0.004025,0.00867
run_vector_cpam,100000,soc-LiveJournal1,BFS,1,0.003926,0.00777
run_vector_cpam,100000,soc-LiveJournal1,BFS,2,0.003918,0.007816
run_vector_cpam,100000,soc-LiveJournal1,BFS,3,0.003875,0.007702
run_vector_cpam,100000,soc-LiveJournal1,BFS,4,0.005187,0.007902
run_vector_cpam,100000,soc-LiveJournal1,BFS,5,0.003807,0.007953
run_vector_cpam,100000,soc-LiveJournal1,BFS,6,0.00376,0.008082
run_vector_cpam,100000,soc-LiveJournal1,BFS,7,0.003737,0.008049
run_vector_cpam,100000,soc-LiveJournal1,BFS,8,0.003939,0.00789
run_vector_cpam,100000,soc-LiveJournal1,BFS,9,0.003912,0.008025
run_vector_cpam,100000,soc-LiveJournal1,LabelPropagation,0,0.003939,0.034691
run_vector_cpam,100000,soc-LiveJournal1,LabelPropagation,1,0.003822,0.031334
run_vector_cpam,100000,soc-LiveJournal1,LabelPropagation,2,0.003824,0.031086
run_vector_cpam,100000,soc-LiveJournal1,LabelPropagation,3,0.00381,0.03138
run_vector_cpam,100000,soc-LiveJournal1,LabelPropagation,4,0.003861,0.031288
run_vector_cpam,100000,soc-LiveJournal1,LabelPropagation,5,0.003928,0.031653
run_vector_cpam,100000,soc-LiveJournal1,LabelPropagation,6,0.003821,0.032343
run_vector_cpam,100000,soc-LiveJournal1,LabelPropagation,7,0.003939,0.032397
run_vector_cpam,100000,soc-LiveJournal1,LabelPropagation,8,0.004047,0.033247
run_vector_cpam,100000,soc-LiveJournal1,LabelPropagation,9,0.004019,0.031681
run_vector_cpam,100000,soc-LiveJournal1,PageRank,0,0.003891,0.24026
run_vector_cpam,100000,soc-LiveJournal1,PageRank,1,0.004493,0.24037
run_vector_cpam,100000,soc-LiveJournal1,PageRank,2,0.004759,0.238552
run_vector_cpam,100000,soc-LiveJournal1,PageRank,3,0.004254,0.241677
run_vector_cpam,100000,soc-LiveJournal1,PageRank,4,0.003982,0.234891
run_vector_cpam,100000,soc-LiveJournal1,PageRank,5,0.003959,0.238847
run_vector_cpam,100000,soc-LiveJournal1,PageRank,6,0.004026,0.235832
run_vector_cpam,100000,soc-LiveJournal1,PageRank,7,0.003985,0.235852
run_vector_cpam,100000,soc-LiveJournal1,PageRank,8,0.0041,0.239459
run_vector_cpam,100000,soc-LiveJournal1,PageRank,9,0.003871,0.235335
run_vector_cpam,100000,soc-LiveJournal1,wBFS_unweighted,0,0.003645,4.767725
run_vector_cpam,100000,soc-LiveJournal1,wBFS_unweighted,1,0.00394,4.807385
run_vector_cpam,100000,soc-LiveJournal1,wBFS_unweighted,2,0.00421,4.797343
run_vector_cpam,100000,soc-LiveJournal1,wBFS_unweighted,3,0.00443,4.820789
run_vector_cpam,100000,soc-LiveJournal1,wBFS_unweighted,4,0.004527,4.792377
run_vector_cpam,100000,soc-LiveJournal1,wBFS_unweighted,5,0.003906,4.752544
run_vector_cpam,100000,soc-LiveJournal1,wBFS_unweighted,6,0.003822,4.750185
run_vector_cpam,100000,soc-LiveJournal1,wBFS_unweighted,7,0.003826,4.747304
run_vector_cpam,100000,soc-LiveJournal1,wBFS_unweighted,8,0.003953,4.788813
run_vector_cpam,100000,soc-LiveJournal1,wBFS_unweighted,9,0.004045,4.745345
run_vector_cpam,100000,twitter-unique-undir,BFS,0,0.021061,0.03901
run_vector_cpam,100000,twitter-unique-undir,BFS,1,0.01836,0.037614
run_vector_cpam,100000,twitter-unique-undir,BFS,2,0.020833,0.037069
run_vector_cpam,100000,twitter-unique-undir,BFS,3,0.019994,0.037364
run_vector_cpam,100000,twitter-unique-undir,BFS,4,0.02198,0.037089
run_vector_cpam,100000,twitter-unique-undir,BFS,5,0.025797,0.037446
run_vector_cpam,100000,twitter-unique-undir,BFS,6,0.025997,0.038041
run_vector_cpam,100000,twitter-unique-undir,BFS,7,0.017459,0.037526
run_vector_cpam,100000,twitter-unique-undir,BFS,8,0.020909,0.038615
run_vector_cpam,100000,twitter-unique-undir,BFS,9,0.020904,0.037113
run_vector_cpam,100000,twitter-unique-undir,LabelPropagation,0,0.018113,1.458833
run_vector_cpam,100000,twitter-unique-undir,LabelPropagation,1,0.019898,1.450274
run_vector_cpam,100000,twitter-unique-undir,LabelPropagation,2,0.019458,1.462598
run_vector_cpam,100000,twitter-unique-undir,LabelPropagation,3,0.020624,1.457235
run_vector_cpam,100000,twitter-unique-undir,LabelPropagation,4,0.022979,1.460408
run_vector_cpam,100000,twitter-unique-undir,LabelPropagation,5,0.020567,1.451999
run_vector_cpam,100000,twitter-unique-undir,LabelPropagation,6,0.02798,1.450947
run_vector_cpam,100000,twitter-unique-undir,LabelPropagation,7,0.015043,1.455786
run_vector_cpam,100000,twitter-unique-undir,LabelPropagation,8,0.018568,1.446877
run_vector_cpam,100000,twitter-unique-undir,LabelPropagation,9,0.019047,1.451752
run_vector_cpam,100000,twitter-unique-undir,PageRank,0,0.018853,9.073794
run_vector_cpam,100000,twitter-unique-undir,PageRank,1,0.020269,9.046064
run_vector_cpam,100000,twitter-unique-undir,PageRank,2,0.019847,9.051471
run_vector_cpam,100000,twitter-unique-undir,PageRank,3,0.022897,9.059734
run_vector_cpam,100000,twitter-unique-undir,PageRank,4,0.022629,9.060643
run_vector_cpam,100000,twitter-unique-undir,PageRank,5,0.023085,9.286711
run_vector_cpam,100000,twitter-unique-undir,PageRank,6,0.026449,10.347654
run_vector_cpam,100000,twitter-unique-undir,PageRank,7,0.017231,10.323349
run_vector_cpam,100000,twitter-unique-undir,PageRank,8,0.023737,10.351006
run_vector_cpam,100000,twitter-unique-undir,PageRank,9,0.020418,10.312459
run_vector_cpam,100000,twitter-unique-undir,wBFS_unweighted,0,0.018505,23.150869
run_vector_cpam,100000,twitter-unique-undir,wBFS_unweighted,1,0.022218,21.175062
run_vector_cpam,100000,twitter-unique-undir,wBFS_unweighted,2,0.018187,21.241468
run_vector_cpam,100000,twitter-unique-undir,wBFS_unweighted,3,0.018505,21.251857
run_vector_cpam,100000,twitter-unique-undir,wBFS_unweighted,4,0.023324,21.311191
run_vector_cpam,100000,twitter-unique-undir,wBFS_unweighted,5,0.023871,21.351621
run_vector_cpam,100000,twitter-unique-undir,wBFS_unweighted,6,0.025526,21.582861
run_vector_cpam,100000,twitter-unique-undir,wBFS_unweighted,7,0.01513,21.457628
run_vector_cpam,100000,twitter-unique-undir,wBFS_unweighted,8,0.019836,21.491318
run_vector_cpam,100000,twitter-unique-undir,wBFS_unweighted,9,0.018915,21.271203
run_vector_cpam,1000000,cit-Patents,BFS,0,0.011885,0.015943
run_vector_cpam,1000000,cit-Patents,BFS,1,0.01148,0.014004
run_vector_cpam,1000000,cit-Patents,BFS,2,0.011271,0.013495
run_vector_cpam,1000000,cit-Patents,BFS,3,0.011538,0.013204
run_vector_cpam,1000000,cit-Patents,BFS,4,0.010966,0.012231
run_vector_cpam,1000000,cit-Patents,BFS,5,0.011399,0.012009
run_vector_cpam,1000000,cit-Patents,BFS,6,0.01106,0.011782
run_vector_cpam,1000000,cit-Patents,BFS,7,0.011597,0.011957
run_vector_cpam,1000000,cit-Patents,BFS,8,0.011515,0.011363
run_vector_cpam,1000000,cit-Patents,BFS,9,0.011527,0.01135
run_vector_cpam,1000000,cit-Patents,LabelPropagation,0,0.009677,0.026807
run_vector_cpam,1000000,cit-Patents,LabelPropagation,1,0.010412,0.026608
run_vector_cpam,1000000,cit-Patents,LabelPropagation,2,0.01056,0.026527
run_vector_cpam,1000000,cit-Patents,LabelPropagation,3,0.010581,0.026557
run_vector_cpam,1000000,cit-Patents,LabelPropagation,4,0.010655,0.026917
run_vector_cpam,1000000,cit-Patents,LabelPropagation,5,0.01058,0.027373
run_vector_cpam,1000000,cit-Patents,LabelPropagation,6,0.010438,0.027752
run_vector_cpam,1000000,cit-Patents,LabelPropagation,7,0.010586,0.027835
run_vector_cpam,1000000,cit-Patents,LabelPropagation,8,0.010599,0.028258
run_vector_cpam,1000000,cit-Patents,LabelPropagation,9,0.010657,0.028141
run_vector_cpam,1000000,cit-Patents,PageRank,0,0.009791,0.216775
run_vector_cpam,1000000,cit-Patents,PageRank,1,0.010322,0.219909
run_vector_cpam,1000000,cit-Patents,PageRank,2,0.011306,0.22599
run_vector_cpam,1000000,cit-Patents,PageRank,3,0.011673,0.25266
run_vector_cpam,1000000,cit-Patents,PageRank,4,0.015359,0.248102
run_vector_cpam,1000000,cit-Patents,PageRank,5,0.011095,0.231329
run_vector_cpam,1000000,cit-Patents,PageRank,6,0.010906,0.227635
run_vector_cpam,1000000,cit-Patents,PageRank,7,0.010942,0.231552
run_vector_cpam,1000000,cit-Patents,PageRank,8,0.010936,0.231807
run_vector_cpam,1000000,cit-Patents,PageRank,9,0.011039,0.196865
run_vector_cpam,1000000,cit-Patents,wBFS_unweighted,0,0.010122,5.002295
run_vector_cpam,1000000,cit-Patents,wBFS_unweighted,1,0.01021,4.987319
run_vector_cpam,1000000,cit-Patents,wBFS_unweighted,2,0.010698,4.951387
run_vector_cpam,1000000,cit-Patents,wBFS_unweighted,3,0.011988,4.920703
run_vector_cpam,1000000,cit-Patents,wBFS_unweighted,4,0.011207,4.808159
run_vector_cpam,1000000,cit-Patents,wBFS_unweighted,5,0.011906,4.77133
run_vector_cpam,1000000,cit-Patents,wBFS_unweighted,6,0.012576,4.715211
run_vector_cpam,1000000,cit-Patents,wBFS_unweighted,7,0.012034,4.682478
run_vector_cpam,1000000,cit-Patents,wBFS_unweighted,8,0.011945,4.647458
run_vector_cpam,1000000,cit-Patents,wBFS_unweighted,9,0.012464,4.640988
run_vector_cpam,1000000,com-friendster,BFS,0,0.029796,1.307434
run_vector_cpam,1000000,com-friendster,BFS,1,0.024458,1.094182
run_vector_cpam,1000000,com-friendster,BFS,2,0.02843,1.111441
run_vector_cpam,1000000,com-friendster,BFS,3,0.02678,1.099926
run_vector_cpam,1000000,com-friendster,BFS,4,0.023683,1.097119
run_vector_cpam,1000000,com-friendster,BFS,5,0.024833,1.092039
run_vector_cpam,1000000,com-friendster,BFS,6,0.024092,1.093355
run_vector_cpam,1000000,com-friendster,BFS,7,0.022644,1.086275
run_vector_cpam,1000000,com-friendster,BFS,8,0.02277,1.097433
run_vector_cpam,1000000,com-friendster,BFS,9,0.023021,1.092446
run_vector_cpam,1000000,com-friendster,LabelPropagation,0,0.024683,4.349312
run_vector_cpam,1000000,com-friendster,LabelPropagation,1,0.024764,4.387521
run_vector_cpam,1000000,com-friendster,LabelPropagation,2,0.024825,4.358952
run_vector_cpam,1000000,com-friendster,LabelPropagation,3,0.024079,4.310303
run_vector_cpam,1000000,com-friendster,LabelPropagation,4,0.024497,4.121568
run_vector_cpam,1000000,com-friendster,LabelPropagation,5,0.024091,4.412704
run_vector_cpam,1000000,com-friendster,LabelPropagation,6,0.025034,4.316075
run_vector_cpam,1000000,com-friendster,LabelPropagation,7,0.025413,4.192735
run_vector_cpam,1000000,com-friendster,LabelPropagation,8,0.024478,4.426571
run_vector_cpam,1000000,com-friendster,LabelPropagation,9,0.025268,4.422467
run_vector_cpam,1000000,com-friendster,PageRank,0,0.023369,48.993001
run_vector_cpam,1000000,com-friendster,PageRank,1,0.026899,52.595012
run_vector_cpam,1000000,com-friendster,PageRank,2,0.02718,72.032294
run_vector_cpam,1000000,com-friendster,PageRank,3,0.027626,76.853306
run_vector_cpam,1000000,com-friendster,PageRank,4,0.027447,68.263107
run_vector_cpam,1000000,com-friendster,PageRank,5,0.028109,67.757755
run_vector_cpam,1000000,com-friendster,PageRank,6,0.028212,79.234366
run_vector_cpam,1000000,com-friendster,PageRank,7,0.029879,72.959912
run_vector_cpam,1000000,com-friendster,PageRank,8,0.027188,69.431978
run_vector_cpam,1000000,com-friendster,PageRank,9,0.027609,27.252514
run_vector_cpam,1000000,com-friendster,wBFS_unweighted,0,0.022798,46.271201
run_vector_cpam,1000000,com-friendster,wBFS_unweighted,1,0.024254,51.115896
run_vector_cpam,1000000,com-friendster,wBFS_unweighted,2,0.024146,52.238672
run_vector_cpam,1000000,com-friendster,wBFS_unweighted,3,0.024385,59.414134
run_vector_cpam,1000000,com-friendster,wBFS_unweighted,4,0.023533,64.059016
run_vector_cpam,1000000,com-friendster,wBFS_unweighted,5,0.024351,62.851584
run_vector_cpam,1000000,com-friendster,wBFS_unweighted,6,0.02448,60.946953
run_vector_cpam,1000000,com-friendster,wBFS_unweighted,7,0.026154,64.15227
run_vector_cpam,1000000,com-friendster,wBFS_unweighted,8,0.02551,72.123497
run_vector_cpam,1000000,com-friendster,wBFS_unweighted,9,0.024716,68.827136
run_vector_cpam,1000000,com-orkut.ungraph,BFS,0,0.013216,0.005414
run_vector_cpam,1000000,com-orkut.ungraph,BFS,1,0.011769,0.005217
run_vector_cpam,1000000,com-orkut.ungraph,BFS,2,0.011978,0.005097
run_vector_cpam,1000000,com-orkut.ungraph,BFS,3,0.01176,0.005151
run_vector_cpam,1000000,com-orkut.ungraph,BFS,4,0.012155,0.005184
run_vector_cpam,1000000,com-orkut.ungraph,BFS,5,0.012949,0.005196
run_vector_cpam,1000000,com-orkut.ungraph,BFS,6,0.012194,0.005654
run_vector_cpam,1000000,com-orkut.ungraph,BFS,7,0.012041,0.00534
run_vector_cpam,1000000,com-orkut.ungraph,BFS,8,0.012127,0.005238
run_vector_cpam,1000000,com-orkut.ungraph,BFS,9,0.012238,0.005201
run_vector_cpam,1000000,com-orkut.ungraph,LabelPropagation,0,0.011389,0.050542
run_vector_cpam,1000000,com-orkut.ungraph,LabelPropagation,1,0.011952,0.049186
run_vector_cpam,1000000,com-orkut.ungraph,LabelPropagation,2,0.012588,0.051866
run_vector_cpam,1000000,com-orkut.ungraph,LabelPropagation,3,0.012611,0.052846
run_vector_cpam,1000000,com-orkut.ungraph,LabelPropagation,4,0.012198,0.055967
run_vector_cpam,1000000,com-orkut.ungraph,LabelPropagation,5,0.012358,0.054764
run_vector_cpam,1000000,com-orkut.ungraph,LabelPropagation,6,0.012895,0.05598
run_vector_cpam,1000000,com-orkut.ungraph,LabelPropagation,7,0.013016,0.055903
run_vector_cpam,1000000,com-orkut.ungraph,LabelPropagation,8,0.014205,0.057665
run_vector_cpam,1000000,com-orkut.ungraph,LabelPropagation,9,0.012898,0.057546
run_vector_cpam,1000000,com-orkut.ungraph,PageRank,0,0.011666,0.400871
run_vector_cpam,1000000,com-orkut.ungraph,PageRank,1,0.013977,0.387957
run_vector_cpam,1000000,com-orkut.ungraph,PageRank,2,0.012852,0.355036
run_vector_cpam,1000000,com-orkut.ungraph,PageRank,3,0.0133,0.348173
run_vector_cpam,1000000,com-orkut.ungraph,PageRank,4,0.013666,0.342907
run_vector_cpam,1000000,com-orkut.ungraph,PageRank,5,0.013475,0.362547
run_vector_cpam,1000000,com-orkut.ungraph,PageRank,6,0.014391,0.354127
run_vector_cpam,1000000,com-orkut.ungraph,PageRank,7,0.014526,0.348983
run_vector_cpam,1000000,com-orkut.ungraph,PageRank,8,0.015205,0.351737
run_vector_cpam,1000000,com-orkut.ungraph,PageRank,9,0.01591,0.358122
run_vector_cpam,1000000,com-orkut.ungraph,wBFS_unweighted,0,0.010823,3.126773
run_vector_cpam,1000000,com-orkut.ungraph,wBFS_unweighted,1,0.012338,3.121619
run_vector_cpam,1000000,com-orkut.ungraph,wBFS_unweighted,2,0.012629,3.133089
run_vector_cpam,1000000,com-orkut.ungraph,wBFS_unweighted,3,0.012535,3.128372
run_vector_cpam,1000000,com-orkut.ungraph,wBFS_unweighted,4,0.011867,3.099287
run_vector_cpam,1000000,com-orkut.ungraph,wBFS_unweighted,5,0.012726,3.108664
run_vector_cpam,1000000,com-orkut.ungraph,wBFS_unweighted,6,0.012502,3.104859
run_vector_cpam,1000000,com-orkut.ungraph,wBFS_unweighted,7,0.01271,3.118408
run_vector_cpam,1000000,com-orkut.ungraph,wBFS_unweighted,8,0.01312,3.139462
run_vector_cpam,1000000,com-orkut.ungraph,wBFS_unweighted,9,0.013232,3.158689
run_vector_cpam,1000000,soc-LiveJournal1,BFS,0,0.009935,0.009797
run_vector_cpam,1000000,soc-LiveJournal1,BFS,1,0.010541,0.008735
run_vector_cpam,1000000,soc-LiveJournal1,BFS,2,0.010518,0.008479
run_vector_cpam,1000000,soc-LiveJournal1,BFS,3,0.010429,0.00864
run_vector_cpam,1000000,soc-LiveJournal1,BFS,4,0.011461,0.008534
run_vector_cpam,1000000,soc-LiveJournal1,BFS,5,0.010651,0.008671
run_vector_cpam,1000000,soc-LiveJournal1,BFS,6,0.010551,0.008431
run_vector_cpam,1000000,soc-LiveJournal1,BFS,7,0.01046,0.008474
run_vector_cpam,1000000,soc-LiveJournal1,BFS,8,0.010513,0.008681
run_vector_cpam,1000000,soc-LiveJournal1,BFS,9,0.010353,0.008632
run_vector_cpam,1000000,soc-LiveJournal1,LabelPropagation,0,0.009621,0.033337
run_vector_cpam,1000000,soc-LiveJournal1,LabelPropagation,1,0.010239,0.033307
run_vector_cpam,1000000,soc-LiveJournal1,LabelPropagation,2,0.010148,0.033532
run_vector_cpam,1000000,soc-LiveJournal1,LabelPropagation,3,0.010088,0.033732
run_vector_cpam,1000000,soc-LiveJournal1,LabelPropagation,4,0.010387,0.035364
run_vector_cpam,1000000,soc-LiveJournal1,LabelPropagation,5,0.010316,0.034707
run_vector_cpam,1000000,soc-LiveJournal1,LabelPropagation,6,0.010407,0.034662
run_vector_cpam,1000000,soc-LiveJournal1,LabelPropagation,7,0.011584,0.035585
run_vector_cpam,1000000,soc-LiveJournal1,LabelPropagation,8,0.010382,0.03539
run_vector_cpam,1000000,soc-LiveJournal1,LabelPropagation,9,0.010537,0.038024
run_vector_cpam,1000000,soc-LiveJournal1,PageRank,0,0.009706,0.239904
run_vector_cpam,1000000,soc-LiveJournal1,PageRank,1,0.01021,0.24022
run_vector_cpam,1000000,soc-LiveJournal1,PageRank,2,0.010505,0.243755
run_vector_cpam,1000000,soc-LiveJournal1,PageRank,3,0.012022,0.254842
run_vector_cpam,1000000,soc-LiveJournal1,PageRank,4,0.011547,0.251359
run_vector_cpam,1000000,soc-LiveJournal1,PageRank,5,0.011302,0.248664
run_vector_cpam,1000000,soc-LiveJournal1,PageRank,6,0.011643,0.253145
run_vector_cpam,1000000,soc-LiveJournal1,PageRank,7,0.011929,0.265066
run_vector_cpam,1000000,soc-LiveJournal1,PageRank,8,0.012258,0.258592
run_vector_cpam,1000000,soc-LiveJournal1,PageRank,9,0.012086,0.248267
run_vector_cpam,1000000,soc-LiveJournal1,wBFS_unweighted,0,0.009851,4.780178
run_vector_cpam,1000000,soc-LiveJournal1,wBFS_unweighted,1,0.011718,4.869182
run_vector_cpam,1000000,soc-LiveJournal1,wBFS_unweighted,2,0.012048,4.86123
run_vector_cpam,1000000,soc-LiveJournal1,wBFS_unweighted,3,0.011561,4.824023
run_vector_cpam,1000000,soc-LiveJournal1,wBFS_unweighted,4,0.011549,4.797413
run_vector_cpam,1000000,soc-LiveJournal1,wBFS_unweighted,5,0.011571,4.813753
run_vector_cpam,1000000,soc-LiveJournal1,wBFS_unweighted,6,0.011732,4.839429
run_vector_cpam,1000000,soc-LiveJournal1,wBFS_unweighted,7,0.011384,4.816797
run_vector_cpam,1000000,soc-LiveJournal1,wBFS_unweighted,8,0.011451,4.821625
run_vector_cpam,1000000,soc-LiveJournal1,wBFS_unweighted,9,0.011351,4.750158
run_vector_cpam,1000000,twitter-unique-undir,BFS,0,0.231298,0.041048
run_vector_cpam,1000000,twitter-unique-undir,BFS,1,0.179686,0.039951
run_vector_cpam,1000000,twitter-unique-undir,BFS,2,0.178049,0.040507
run_vector_cpam,1000000,twitter-unique-undir,BFS,3,0.16579,0.040904
run_vector_cpam,1000000,twitter-unique-undir,BFS,4,0.196489,0.041117
run_vector_cpam,1000000,twitter-unique-undir,BFS,5,0.206828,0.040573
run_vector_cpam,1000000,twitter-unique-undir,BFS,6,0.21875,0.041752
run_vector_cpam,1000000,twitter-unique-undir,BFS,7,0.126659,0.040912
run_vector_cpam,1000000,twitter-unique-undir,BFS,8,0.174074,0.040511
run_vector_cpam,1000000,twitter-unique-undir,BFS,9,0.173399,0.040421
run_vector_cpam,1000000,twitter-unique-undir,LabelPropagation,0,0.180956,1.007341
run_vector_cpam,1000000,twitter-unique-undir,LabelPropagation,1,0.193058,0.993113
run_vector_cpam,1000000,twitter-unique-undir,LabelPropagation,2,0.176421,1.005673
run_vector_cpam,1000000,twitter-unique-undir,LabelPropagation,3,0.163078,1.008744
run_vector_cpam,1000000,twitter-unique-undir,LabelPropagation,4,0.182668,1.006964
run_vector_cpam,1000000,twitter-unique-undir,LabelPropagation,5,0.215967,1.018633
run_vector_cpam,1000000,twitter-unique-undir,LabelPropagation,6,0.235462,1.022935
run_vector_cpam,1000000,twitter-unique-undir,LabelPropagation,7,0.127723,1.030597
run_vector_cpam,1000000,twitter-unique-undir,LabelPropagation,8,0.182688,1.027555
run_vector_cpam,1000000,twitter-unique-undir,LabelPropagation,9,0.178328,1.018314
run_vector_cpam,1000000,twitter-unique-undir,PageRank,0,0.156521,8.277542
run_vector_cpam,1000000,twitter-unique-undir,PageRank,1,0.186544,9.081755
run_vector_cpam,1000000,twitter-unique-undir,PageRank,2,0.169246,9.117413
run_vector_cpam,1000000,twitter-unique-undir,PageRank,3,0.159246,9.138256
run_vector_cpam,1000000,twitter-unique-undir,PageRank,4,0.188593,9.161979
run_vector_cpam,1000000,twitter-unique-undir,PageRank,5,0.206422,9.155323
run_vector_cpam,1000000,twitter-unique-undir,PageRank,6,0.232757,8.713434
run_vector_cpam,1000000,twitter-unique-undir,PageRank,7,0.130641,8.997926
run_vector_cpam,1000000,twitter-unique-undir,PageRank,8,0.177048,9.257968
run_vector_cpam,1000000,twitter-unique-undir,PageRank,9,0.172269,9.292005
run_vector_cpam,1000000,twitter-unique-undir,wBFS_unweighted,0,0.185578,24.51013
run_vector_cpam,1000000,twitter-unique-undir,wBFS_unweighted,1,0.194463,26.650503
run_vector_cpam,1000000,twitter-unique-undir,wBFS_unweighted,2,0.170895,27.154924
run_vector_cpam,1000000,twitter-unique-undir,wBFS_unweighted,3,0.172849,26.894269
run_vector_cpam,1000000,twitter-unique-undir,wBFS_unweighted,4,0.195435,26.89516
run_vector_cpam,1000000,twitter-unique-undir,wBFS_unweighted,5,0.216347,26.596193
run_vector_cpam,1000000,twitter-unique-undir,wBFS_unweighted,6,0.231631,24.20914
run_vector_cpam,1000000,twitter-unique-undir,wBFS_unweighted,7,0.13033,23.468746
run_vector_cpam,1000000,twitter-unique-undir,wBFS_unweighted,8,0.186832,22.570648
run_vector_cpam,1000000,twitter-unique-undir,wBFS_unweighted,9,0.186604,23.985824
